Код ;  Номер ; Описание ; Цена
41756 ; CE278A ; LaserJet M1536 / P1566 / P1606dn (2100копий) №78A ; 2300 ; 2875,50 ; 
50405 ; CE278AF ; LaserJet M1536 / P1566 / P1606dn  DUAL Pack (2*2100стр) №78A ; 4000 ; 5036,07 ; 
41513 ; CE285A ; LaserJet P1102 / 1102w / M1132 / 1212nf / 1217 (1600копий) №85A ; 2460 ; 2579,40 ; 
31474 ; CB435A ; LaserJet P1005 / 1006 (1500 копий) №35A ; 2550 ; 3206,43 ; 
55216 ; CB435AF ; LaserJet P1005 / 1006 2 шт в упаковке!! (2х1500 копий) №35A ; 3150 ; 3963,68 ; 
31594 ; CB436A ; LaserJet P1505 / 1120 / 1522 (2000 копий) №36A ; 2500 ; 3142,97 ; 
24113 ; Q7553A ; LaserJet P2014 / P2015 / P3005 / M2727 / M3027 / M3035  MFP (3000 копий) №53A ; 3272 ; 4113,31 ; 
24114 ; Q7553X ; LaserJet P2014 / P2015 / P3005 / M2727 / M3027 / M3035  MFP (7000 копий) №53X ; 6166 ; 7753,37 ; 
35848 ; CE505X ; LaserJet P2055d / 2055dn (6500 копий) №05X                                     (не подходит к P2035!!!) ; 5741 ; 7212,79 ; 
50959 ; CF214A ; LaserJet M712dn / M712xh / M725dn / M725f / M725z (10 000 копий) №14A ; 6596 ; 8298,65 ; 
58437 ; CF217A ; Тонер картридж HP LaserJet Pro M130 / M102 Black (1600 копий) №17A ; 2010 ; 2529,03 ; 
58436 ; CF219A ; Драм картридж HP LaserJet Pro M130 / M102 Black (12000 копий) №19A ; 2400 ; 2544,47 ; 
56990 ; CF226A ; LaserJet Pro 400 M402 / M426 (3100 копий) №26A ; 3650 ; 3937,87 ; 
56991 ; CF226X ; LaserJet Pro 400 M402 / M426 (9000 копий) №26X ; 5420 ; 6834,55 ; 
58796 ; CF230A ; LaserJet Pro M203/M227 Black (1600 стр) №30A ; 2101 ; 2206,05 ; 
58439 ; CF233A ; Тонер картридж HP LaserJet Ultra M134 / M106 Black (2300 стр) № 33A ; 545 ; 572,51 ; 
58438 ; CF234A ; Драм картридж HP LaserJet Ultra M134 / M106 Black (9200 стр) №34A ; 1815 ; 1903,88 ; 
60917 ; CF256A ; LaserJet M436 Black (7400 стр) №56A ; 1100 ; 1154,03 ; 
60918 ; CF256X ; LaserJet M436 Black (12300 стр) №56X ; 1530 ; 1603,70 ; 
60919 ; CF257A ; Драм картридж HP LaserJet M436 Black (80000 копий) №57A ; 4450 ; 4666,18 ; 
40275 ; CE255A ; LaserJet M525dn M525f / M525c / P3015D / P3015DN / P3015X (6 000 копий) №55A ; 4650 ; 5848,27 ; 
40276 ; CE255X ; LaserJet M525dn M525f / M525c / P3015D / P3015DN / P3015X(12 500 копий) №55X ; 7010 ; 8817,45 ; 
62411 ; CF259A ; LaserJet Pro LJ Pro M304/404/428 Black (3000стр) №59A ; 3637 ; 3812,17 ; 
62412 ; CF259X ; LaserJet Pro LJ Pro M304/404/428 Black (10000стр) №59X ; 7016 ; 7359,66 ; 
48991 ; CF280A ; LaserJet Pro 400 M401 / M425 (2700 копий) №80A ; 3627 ; 3802,67 ; 
48992 ; CF280X ; LaserJet Pro 400 M401 / M425 (6900 копий) №80X ; 5583 ; 7025,82 ; 
57560 ; CF287A ; LaserJet M527c / M506dn / M506x / M527dn / M527f   (9000 копий) №87A ; 7150 ; 8995,92 ; 
62420 ; CF289A ; LaserJet M507/528 Black (3000стр) №89A ; 4640 ; 4868,04 ; 
62421 ; CF289X ; LaserJet M507/528 Black (10000стр) №89X ; 7250 ; 7875,74 ; 
62422 ; CF289Y ; LaserJet M507/528 Black (20000 стр) №89Y ; 9660 ; 10283,91 ; 
24111 ; Q7551A ; LaserJet P3005/M3035mfp/M3027mfp, (6 500 копий) №51A ; 4890 ; 6146,18 ; 
24112 ; Q7551X ; LaserJet P3005/M3035mfp/M3027mfp, (13 000 копий) №51X ; 7948 ; 9967,36 ; 
56993 ; CZ192A ; LaserJet M435 (12 000 копий) №93A ; 6700 ; 7269,92 ; 
34529 ; CC364A ; LaserJet P4014 / P4015 / P4515 (10 000 копий) №64A ; 4665 ; 5865,72 ; 
34977 ; CC364X ; LaserJet P4015 / P4515 (24 000 копий) №64X                                    (не подходит к P4014!!!) ; 9212 ; 11596,96 ; 
47553 ; CE390A ; LaserJet M4555 / M600 / M601 / M602 / M603  (10000 копий) №90A ; 5344 ; 6724,23 ; 
48349 ; CE390X ; LaserJet M4555 / M600 / M601 / M602 / M603  (24000 копий) №90X ; 9014 ; 11339,65 ; 
27981 ; Q7570A ; LaserJet M5025/M5035/M5035x/M5035xs/, (15 000 копий) №70A ; 6823 ; 8575,01 ; 
545 ; C4096A ; LaserJet 2100 / 2200  ; 1523 ; 1898,80 ; 
5760 ; C8061X ; LaserJet 4100 (10 000 копий) ; 3466 ; 4358,97 ; 
9920 ; Q1339A ; LaserJet 4300 (18 000 копий) ; 5389 ; 6782,26 ; 
188 ; C4129X ; LaserJet 5000 / 5100 ; 5375 ; 6764,69 ; 
24110 ; Q7516A ; LaserJet 5200 (12 000 копий) ; 6200 ; 7802,78 ; 
9162 ; 92291A ; LaserJet IIISi / 4Si / 4SiMX ; 2788 ; 3508,88 ; 
62415 ; W1106A ; Картридж HP M107a/107r/107w/135a/135r/135w/137fnw Black (1000 стр) №106A ; 1435 ; 1505,26 ; 
62416 ; W1103A ; Тонер HP Neverstop LJ 1000a/1000w/1200a/1200w (2500 стр) №103A ; 340 ; 348,09 ; 
62417 ; W1103AD ; Тонер HP Neverstop LJ 1000a/1000w/1200a/1200w двойная упаковка (2*2500 стр) №103AD ; 650 ; 681,49 ; 
62419 ; W1104A ; Блок фотобарабана HP Neverstop LJ 1000a/1000w/1200a/1200w в комплекте 2 тонера (20 000 стр) №104A ; 1955 ; 2059,81 ; 
14156 ; Q3963A ; Color LaserJet 2550/L/2820/2840 Magenta тонер-картридж (4000 копий) ; 2253 ; 2835,46 ; 
14155 ; Q3962A ; Color LaserJet 2550/L/2820/2840 Yellow тонер-картридж (4000 копий) ; 2253 ; 2835,45 ; 
53705 ; CF210X ; Color LaserJet M276n/ M276nw/ M251n/ M251nw Black тонер-картридж (2400 стр) №131X ; 2955 ; 3113,95 ; 
50955 ; CF210A ; Color LaserJet M276n/ M276nw/ M251n/ M251nw Black тонер-картридж (1600 стр) №131A ; 2319 ; 2915,68 ; 
50956 ; CF211A ; Color LaserJet M276n/ M276nw/ M251n/ M251nw Cyan тонер-картридж (1800 стр) №131A ; 2960 ; 3104,87 ; 
50957 ; CF212A ; Color LaserJet M276n/ M276nw/ M251n/ M251nw Yellow тонер-картридж (1800 стр) №131A ; 2960 ; 3104,87 ; 
50958 ; CF213A ; Color LaserJet M276n/ M276nw/ M251n/ M251nw Magenta тонер-картридж (1800 стр) №131A ; 2960 ; 3104,87 ; 
57155 ; U0SL1AM ; Набор Color LaserJet M276n/ M276nw/ M251n/ M251nw (CF211A, CF212A, CF213A) Tri-Pack №131A ; 7613 ; 7986,12 ; 
55582 ; CF350A ; Color LaserJet M176n / M177fw Black тонер-картридж (1300 копий) №130A ; 2010 ; 2108,00 ; 
55583 ; CF351A ; Color LaserJet M176n / M177fw  Cyan тонер-картридж (1000 копий) №130A ; 2050 ; 2150,15 ; 
55584 ; CF352A ; Color LaserJet M176n / M177fw  Yellow тонер-картридж (1000 копий) №130A ; 2050 ; 2150,15 ; 
55585 ; CF353A ; Color LaserJet M176n / M177fw  Magenta тонер-картридж (1000 копий) №130A ; 2050 ; 2150,15 ; 
56269 ; CF400A ; Color LaserJet Pro M252/M277  Black тонер-картридж (1500 копий) №201A  ; 2250 ; 2360,35 ; 
56270 ; CF401A ; Color LaserJet Pro M252/M277  Cyan тонер-картридж (1400 копий) №201A  ; 2640 ; 2769,62 ; 
56272 ; CF402A ; Color LaserJet Pro M252/M277  Yellow тонер-картридж (1400 копий) №201A  ; 2640 ; 2769,62 ; 
56271 ; CF403A ; Color LaserJet Pro M252/M277  Magenta тонер-картридж (1400 копий) №201A  ; 2640 ; 2769,62 ; 
60943 ; CF400XD ; Color LaserJet Pro M252/M277  Black тонер-картридж (2*2800 копий) №201X ; 5990 ; 6280,51 ; 
56273 ; CF400X ; Color LaserJet Pro M252/M277  Black тонер-картридж (2800 копий) №201X ; 3250 ; 3408,36 ; 
56274 ; CF401X ; Color LaserJet Pro M252/M277  Cyan тонер-картридж (2300 копий) №201X ; 3400 ; 3634,96 ; 
56276 ; CF402X ; Color LaserJet Pro M252/M277  Yellow тонер-картридж (2300 копий) №201X ; 3400 ; 3634,96 ; 
56275 ; CF403X ; Color LaserJet Pro M252/M277  Magenta тонер-картридж (2300 копий) №201X ; 3400 ; 3634,96 ; 
58252 ; CF410A ; Color LaserJet M377 / M452 / M477 Black тонер-картридж (2300 стр) №410A ; 2810 ; 2948,04 ; 
58253 ; CF411A ; Color LaserJet M377 / M452 / M477 Cyan тонер-картридж (2300 стр) №410A ; 3700 ; 3809,58 ; 
58254 ; CF412A ; Color LaserJet M377 / M452 / M477 Yellow тонер-картридж (2300 стр) №410A ; 3700 ; 3881,05 ; 
58255 ; CF413A ; Color LaserJet M377 / M452 / M477 Magenta тонер-картридж (2300 стр) №410A ; 3700 ; 3881,05 ; 
60920 ; CF530A ; Color LaserJet M180/M181 Black тонер-картридж (1100 стр) №205A ; 1634 ; 1713,80 ; 
60921 ; CF531A ; Color LaserJet M180/M181 Cyan тонер-картридж (900 стр) №205A ; 1794 ; 1881,02 ; 
60923 ; CF532A ; Color LaserJet M180/M181 Yellow тонер-картридж (900 стр) №205A ; 1794 ; 1881,02 ; 
60922 ; CF533A ; Color LaserJet M180/M181 Magenta тонер-картридж (900 стр) №205A ; 1794 ; 1881,02 ; 
60909 ; CF540A ; Color LaserJet M280 / M281 / M254 Black  тонер-картридж (1400 стр) №203A ; 2088 ; 2189,24 ; 
60910 ; CF541A ; Color LaserJet M280 / M281 / M254 Cyan тонер-картридж  (1300 стр) №203A ; 2468 ; 2587,62 ; 
60912 ; CF542A ; Color LaserJet M280 / M281 / M254 Yellow тонер-картридж (1300 стр) №203A ; 2468 ; 2587,62 ; 
60911 ; CF543A ; Color LaserJet M280 / M281 / M254 Magenta тонер-картридж  (1300 стр) №203A ; 2468 ; 2587,62 ; 
60913 ; CF540X ; Color LaserJet M280 / M281 / M254 Black тонер-картридж  (3200 стр) №203X ; 3307 ; 3466,40 ; 
60914 ; CF541X ; Color LaserJet M280 / M281 / M254 Cyan тонер-картридж  (2500 cтр) №203X ; 3307 ; 3468,44 ; 
60916 ; CF542X ; Color LaserJet M280 / M281 / M254 Yellow тонер-картридж  (2500 стр) №203X ; 3307 ; 3468,44 ; 
60915 ; CF543X ; Color LaserJet M280 / M281 / M254 Magenta тонер-картридж  (2500 стр) №203X ; 3307 ; 3468,44 ; 
45840 ; CE310A ; Color LaserJet CP1025/ 1025nw / M175 Black тонер-картридж (1200 стр) №126A ; 1786 ; 1873,37 ; 
45841 ; CE311A ; Color LaserJet CP1025/ 1025nw / M175 Cyan тонер-картридж (1000 стр) №126A ; 2182 ; 2286,82 ; 
45842 ; CE312A ; Color LaserJet CP1025/ 1025nw / M175 Yellow тонер-картридж (1000 стр) №126A ; 2182 ; 2286,82 ; 
45843 ; CE313A ; Color LaserJet CP1025/ 1025nw / M175 Magenta тонер-картридж (1000 стр) №126A ; 2182 ; 2286,82 ; 
51110 ; CE314A ; Image Drum HP for Color LaserJet CP1025 / 1025dn / M175 №126A (до 14000стр при черной печти, до 7000стр при цветной при 5%) ; 3058 ; 3206,37 ; 
45110 ; CE321A ; Color LaserJet CP1525n/1525nw/CM1415fn/1415fnw Cyan тонер-картридж (1300 стр) №128A ; 2048 ; 2575,59 ; 
45111 ; CE322A ; Color LaserJet CP1525n/1525nw/CM1415fn/1415fnw Yellow тонер-картридж (1300 стр) №128A ; 2048 ; 2575,46 ; 
52485 ; CE410X ; Color LaserJet M351 / M375 / M451 / M475  Black тонер-картридж (4000 стр) №305X ; 3297 ; 4149,36 ; 
50327 ; CE410A ; Color LaserJet M351 / M375 / M451 / M475  Black тонер-картридж (2200 стр) №305A  ; 2040 ; 2575,09 ; 
50328 ; CE411A ; Color LaserJet M351 / M375 / M451 / M475  Cyan тонер-картридж (2600 стр)  №305A  ; 3147 ; 3968,99 ; 
50329 ; CE412A ; Color LaserJet M351 / M375 / M451 / M475  Yellow тонер-картридж (2600 стр) №305A  ; 3147 ; 3969,09 ; 
62999 ; CE412A! ; Color LaserJet M351 / M375 / M451 / M475  Yellow тонер-картридж (2600 стр) №305A Распакован ; 2335 ; 0,00 ; 
52483 ; CE400X ; Color LaserJet M551n / 551dn / 551xh / MFP575f / MFP575c  Black тонер-картридж (11000 стр)  №507X ; 6253 ; 7861,56 ; 
52939 ; CE400A ; Color LaserJet M551n / 551dn / 551xh / MFP575f / MFP575c  Black тонер-картридж (5500 стр)  №507A ; 4665 ; 5870,66 ; 
52940 ; CE401A ; Color LaserJet M551n / 551dn / 551xh / MFP575f / MFP575c  Cyan  тонер-картридж (6000 стр)  №507A ; 7049 ; 8863,57 ; 
52957 ; CE402A ; Color LaserJet M551n / 551dn / 551xh / MFP575f / MFP575c  Yellow  тонер-картридж (6000 стр)  №507A ; 7789 ; 8169,72 ; 
52956 ; CE403A ; Color LaserJet M551n / 551dn / 551xh / MFP575f / MFP575c  Magenta тонер-картридж (6000 стр)  №507A ; 7049 ; 8863,57 ; 
43033 ; CE740A ; Color LaserJet CP5220 / 5225 Black тонер-картридж (7000 стр)  №307A ; 5380 ; 5644,31 ; 
43034 ; CE741A ; Color LaserJet CP5220 / 5225 Cyan тонер-картридж (7500 стр)  №307A ; 9440 ; 9905,26 ; 
43035 ; CE742A ; Color LaserJet CP5220 / 5225 Yellow тонер-картридж (7500 стр)  №307A ; 9440 ; 9905,26 ; 
43036 ; CE743A ; Color LaserJet CP5220 / 5225 Magenta тонер-картридж (7500 стр)  №307A ; 9440 ; 9905,26 ; 
55979 ; CB540AD ; Color LaserJet CP1215 / 1515n / 1518ni / CM1312 / CM1312nfi Black тонер-картридж (2*2200 копий) Dual Pack №125A ; 4603 ; 5793,48 ; 
33797 ; CB540A ; Color LaserJet CP1215 / 1515n / 1518ni / CM1312 / CM1312nfi Black тонер-картридж (2200 копий) №125A ; 2726 ; 2859,43 ; 
33796 ; CB541A ; Color LaserJet CP1215 / 1515n / 1518ni / CM1312 / CM1312nfi Cyan тонер-картридж (1400 копий) №125A ; 2489 ; 2686,84 ; 
33795 ; CB542A ; Color LaserJet CP1215 / 1515n / 1518ni / CM1312 / CM1312nfi Yellow тонер-картридж (1400 копий) №125A ; 2489 ; 2686,84 ; 
35849 ; CC530A ; Color LaserJet CP2025 / CM2320 mfp Black тонер-картридж (3500 копий) №304A ; 4548 ; 4769,54 ; 
35850 ; CC531A ; Color LaserJet CP2025 / CM2320 mfp Cyan тонер-картридж (2800 стр) №304A ; 3603 ; 4537,25 ; 
35851 ; CC533A ; Color LaserJet CP2025 / CM2320 mfp Magenta тонер-картридж (2800 стр) №304A ; 3603 ; 4536,41 ; 
35852 ; CC532A ; Color LaserJet CP2025 / CM2320 mfp Yellow тонер-картридж (2800 стр) №304A ; 3603 ; 4536,96 ; 
18435 ; Q6000A ; Color LaserJet 1600 / 2600 / 2605 / CLJ CM1015 / CM1017 Black Smart Print Cartridge (2500 копий) №124A ; 2986 ; 3755,37 ; 
18436 ; Q6001A ; Color LaserJet 1600 / 2600 / 2605 / CLJ CM1015 / CM1017 Cyan Smart Print Cartridge (2000 копий) №124A ; 3241 ; 4075,89 ; 
18438 ; Q6002A ; Color LaserJet 1600 / 2600 / 2605 / CLJ CM1015 / CM1017 Yellow Smart Print Cartridge (2000 копий) №124A ; 3241 ; 4075,89 ; 
18437 ; Q6003A ; Color LaserJet 1600 / 2600 / 2605 / CLJ CM1015 / CM1017 Magenta Smart Print Cartridge (2000 копий) №124A ; 3241 ; 4075,89 ; 
62590 ; W2030A ; Color LaserJet Pro M414 / 454 / 479  Black (2400 копий) №415A ; 2655 ; 2790,29 ; 
62591 ; W2031A ; Color LaserJet Pro M414 / 454 / 479  Cyan (2100 копий) №415A ; 3527 ; 3699,49 ; 
62592 ; W2032A ; Color LaserJet Pro M414 / 454 / 479  Yellow (2100 копий) №415A ; 3527 ; 3699,49 ; 
62593 ; W2033A ; Color LaserJet Pro M414 / 454 / 479  Magenta (2100 копий) №415A ; 3527 ; 3699,49 ; 
62594 ; W2030X ; Color LaserJet Pro M414 / 454 / 479  Black (7500 копий) №415x ; 5741 ; 6021,80 ; 
62595 ; W2031X ; Color LaserJet Pro M414 / 454 / 479  Cyan (6000 копий) №415x ; 8301 ; 8702,35 ; 
62596 ; W2032X ; Color LaserJet Pro M414 / 454 / 479  Yellow (6000 копий) №415x ; 8301 ; 8702,35 ; 
62597 ; W2033X ; Color LaserJet Pro M414 / 454 / 479  Magenta (6000 копий) №415x ; 8301 ; 8702,35 ; 
62604 ; W2070A ; Color LaserJet 50a / 150nw / 178nw / 179fnw  Black тонер-картридж  (1000 копий) №117A ; 1363 ; 1429,73 ; 
62605 ; W2071A ; Color LaserJet 50a / 150nw / 178nw / 179fnw  Cyan тонер-картридж  (700 копий) №117A ; 1501 ; 1574,55 ; 
62606 ; W2072A ; Color LaserJet 50a / 150nw / 178nw / 179fnw  Yellow тонер-картридж  (700 копий) №117A ; 1501 ; 1574,55 ; 
62607 ; W2073A ; Color LaserJet 50a / 150nw / 178nw / 179fnw  Magenta тонер-картридж  (700 копий) №117A ; 1501 ; 1574,55 ; 
18022 ; Q2681A ; Color LaserJet 3700 Cyan Smart Print Cartridge (6000 копий) ; 4378 ; 5505,71 ; 
18023 ; Q2683A ; Color LaserJet 3700 Magenta Smart Print Cartridge (6000 копий) ; 4378 ; 5505,71 ; 
18024 ; Q2682A ; Color LaserJet 3700 Yellow Smart Print Cartridge (6000 копий) ; 4378 ; 5505,71 ; 
41409 ; CE263A ; Color LaserJet CP4025 / CP4525 / CM4540mfp Magenta тонер-картридж (11 000 копий) №647A ; 9097 ; 11431,74 ; 
28826 ; Q5952A ; Color LaserJet 4700 Yellow тонер-картридж (10 000 копий) ; 10035 ; 12579,76 ; 
37184 ; CB380A ; Color LaserJet CP6015 Black тонер-картридж (16 500 страниц) ; 7507 ; 9426,63 ; 
58647 ; X4E40AE ; Чернила HP GT51XL DJ 5810/5820, Ink Tank 115/315/319/410/415/419 Black (6000 стр) ; 340 ; 366,38 ; 
58648 ; M0H54AE ; Чернила HP GT52 DJ5810/5820, Ink Tank 115/315/319/410/415/419, Smart Tank 500/515/530/615 Cyan (8000 стр) ; 276 ; 300,75 ; 
58649 ; M0H55AE ; Чернила HP GT52 DJ5810/5820, Ink Tank 115/315/319/410/415/419, Smart Tank 500/515/530/615 Magenta (8000 стр) ; 276 ; 300,75 ; 
58650 ; M0H56AE ; Чернила HP GT52 DJ5810/5820, Ink Tank 115/315/319/410/415/419, Smart Tank 500/515/530/615 Yellow (8000 стр) ; 276 ; 300,75 ; 
62588 ; 1VV21AE ; Чернила HP GT53XL Ink Tank 115/315/319/410/415/419, Smart Tank 500/515/530/615 Black (6000 стр) ; 355 ; 371,82 ; 
62589 ; 3YP61AE ; Печ. головка HP DeskJet GT5810/5820/Ink Tank 115/315/319/410/415/419 (Black, Cyan, Magenta, Yellow) ; 830 ; 869,34 ; 
194 ; 51629A ; черный №29 к DJ 6xx Series для всей серии 6хх, кроме (!!!) DeskJet 610 / 640 / 656  (40 ml) ; 33 ; 41,49 ; 
197 ; 51645AE ; черный к №45 к DJ 7xx/8xx(кроме 840/845!!!)/9xx(кроме 920/940!!!)/11xx/61xx/9300, DesignJet 7xx,12xx,Office Jet R45/R65/G-55 (42 ml) ; 1624 ; 2038,41 ; 
57373 ; F6V24AE ; цветной №652 для DJ Ink Advantage 1115 / 2135 / 3635 / 3835 (200 стр@5%) ; 393 ; 494,34 ; 
10514 ; 51650C ; цветной №50 к DesignJet 250 (42 ml) Cyan ; 111 ; 149,57 ; 
10515 ; 51650M ; цветной №50 к DesignJet 250 (42 ml) Magenta ; 111 ; 149,56 ; 
10516 ; 51650Y ; цветной №50 к DesignJet 250 (42 ml) Yellow ; 111 ; 149,70 ; 
196 ; C1816A ; Фотокартридж №16 к DeskJet 690C / 695C / 610C / 640C / 656 (23 ml) ; 111 ; 148,54 ; 
2408 ; C6615DE ; черный №15 к DJ 840C / 845 / 940 / 920 / 3820   PSC-500 / 750    (25 ml) ; 1243 ; 1563,13 ; 
48487 ; C6625AE ; цветной №17 к DJ 840C / 845 (15 ml) ; 1269 ; 1597,34 ; 
8001 ; C6656AE ; черный №56 к HP Deskjet 450c / 51xx / 56xx / 5550series / 5850 / 96xx,  Officejet 4105 / 4110 / 4215 / 4219 / 4255 / 5505 / 5510 / 5515 / 5550series / 6110,  PSC 1110 / 1210 / 1215 / 1315 / 1340 / 1350 / 1355 / 21xx / 22xx / 2410 / 2510, PhotoSmart 7150 / ; 863 ; 1084,20 ; 
6646 ; C6657A ; цветной №57 к HP Deskjet 450c / 51xx / 56xx / 5550series / 5850 / 96xx,  Officejet 4105 / 4110 / 4215 / 4219 / 4255 / 5505 / 5510 / 5515 / 5550series / 6110,  PSC 1110 / 1210 / 1215 / 1315 / 1340 / 1350 / 1355 / 21xx / 22xx / 2410 / 2510, PhotoSmart 100 / ; 1421 ; 1784,87 ; 
8072 ; C8728A ; цветной №28 к HP DeskJet 3320 / 3325 / 3420 / 3425 / 3520 / 3535 / 3550 / 3645 / 3650 / 3745 / 3845,  Officejet 4105 / 4110 / 4215 / 4219 / 4255,  PSC 1110 / 1210 / 1215 / 1315  (8ml) ; 822 ; 1034,18 ; 
17873 ; C9360AE ; Grey фото №102 (Vivera) к HP PhotoSmart 8753 (LightGrey+Grey+Black) (23ml) ; 286 ; 366,24 ; 
35098 ; CC640HE ; черный №121 к HP DeskJet D2563 / D5563 / F4283, PhotoSmart C4683 (~200стр)  ; 690 ; 739,45 ; 
35097 ; CC643HE ; цветной №121 к HP DeskJet D2563 / D5563 /F4283, PhotoSmart C4683 (~165стр)  ; 721 ; 904,63 ; 
38189 ; CC644HE ; цветной №121XL к HP DeskJet D2563 / D5563 / F4283, PhotoSmart C4683 (~440стр)  ; 1269 ; 1598,02 ; 
43104 ; CH561HE ; черный №122 к HP DeskJet D2050/3050 (~120стр.) ; 421 ; 442,25 ; 
43107 ; CH562HE ; цветной №122 к HP DeskJet D2050/3050 (~100стр.)  ; 487 ; 510,82 ; 
43271 ; CH563HE ; черный №122XL к HP DeskJet D2050/1050/3050(~480стр.) ; 1167 ; 1281,32 ; 
43270 ; CH564HE ; цветной №122XL к HP DeskJet D2050/1050/3050(~330стр.) ; 1177 ; 1281,32 ; 
58435 ; F6V17AE ; черный №123 к HP DeskJet 2130/2620/2630/3639 Black (~120стр.) ; 381 ; 446,37 ; 
58434 ; F6V16AE ; цветной №123 к HP DeskJet 2130/2620/2630/3639 Black (~100стр.) ; 436 ; 457,31 ; 
58432 ; F6V18AE ; цветной №123XL к HP DeskJet 2130/2620/2630/3639 Black (~330стр.) ; 974 ; 1225,28 ; 
27107 ; CB337HE ; Цветной №141 Vivera 3.5ml для offficeJet 5783 / PhotoSmart C4283 / C5283 / D5363 (~170стр)  ; 842 ; 1058,84 ; 
49404 ; CZ102AE ; Цветной №650 к HP DeskJet 2515(~200стр.) ; 345 ; 364,96 ; 
49403 ; CZ101AE ; Черный №650 к HP DeskJet 2515(~360стр.) ; 401 ; 420,62 ; 
49405 ; CZ109AE ; Черный №655 к HP DeskJet 4615/4625/3525/5525(~550стр.) Black ; 370 ; 405,65 ; 
49406 ; CZ110AE ; Цветной №655 к HP DeskJet 4615 / 4625 /3525 /5525 (~600стр.) Cyan ; 370 ; 405,65 ; 
49407 ; CZ111AE ; Цветной №655 к HP DeskJet 4615 / 4625 /3525 /5525 (~600стр.) Magenta ; 370 ; 405,65 ; 
49408 ; CZ112AE ; Цветной №655 к HP DeskJet 4615 / 4625 /3525 /5525 (~600стр.) Yellow ; 370 ; 405,65 ; 
34546 ; CC653AE ; Черный №901 к HP OfficeJet J4580 (~200стр) пигмент ; 452 ; 568,12 ; 
63106 ; 3YL80AE ; Черный №912 к HP OfficeJet 8014/8015/8022/8023/8024/8025 Black (~300стр)  ; 487 ; 511,92 ; 
63107 ; 3YL77AE ; Цветной №912 к HP OfficeJet 8014/8015/8022/8023/8024/8025 Cyan (~315стр)  ; 315 ; 330,39 ; 
63108 ; 3YL78AE ; Цветной №912 к HP OfficeJet 8014/8015/8022/8023/8024/8025 Magenta (~315стр)  ; 315 ; 330,39 ; 
63109 ; 3YL79AE ; Цветной №912 к HP OfficeJet 8014/8015/8022/8023/8024/8025 Yellow (~315стр)  ; 315 ; 330,39 ; 
63110 ; 3YL84AE ; Черный №912XL к HP OfficeJet 8014/8015/8022/8023/8024/8025 Black (~825стр)  ; 1147 ; 1203,03 ; 
63111 ; 3YL81AE ; Цветной №912XL к HP OfficeJet 8014/8015/8022/8023/8024/8025 Cyan (~825стр)  ; 563 ; 590,46 ; 
63112 ; 3YL82AE ; Цветной №912XL к HP OfficeJet 8014/8015/8022/8023/8024/8025 Magenta (~825стр)  ; 563 ; 590,46 ; 
63113 ; 3YL83AE ; Цветной №912XL к HP OfficeJet 8014/8015/8022/8023/8024/8025 Yellow (~825стр)  ; 563 ; 590,46 ; 
63114 ; 3YP34AE ; Набор №912XL к HP OfficeJet 8014/8015/8022/8023/8024/8025 (C/M/Y/K) (~825стр)  ; 2466 ; 2586,78 ; 
50510 ; CN053AE ; Черный  №932XL к HP OfficeJet 6700  повышенной емкости Black (~1000стр)  ; 1117 ; 1171,75 ; 
50509 ; CN054AE ; Цветной №933XL к HP OfficeJet 6700  повышенной емкости Cyan (~825стр)  ; 558 ; 587,65 ; 
50508 ; CN055AE ; Цветной №933XL к HP OfficeJet 6700  повышенной емкости Magenta (~825стр)  ; 558 ; 587,65 ; 
50507 ; CN056AE ; Цветной №933XL к HP OfficeJet 6700  повышенной емкости Yellow (~825стр)  ; 558 ; 587,65 ; 
38672 ; C4906AE ; Черный №940XL к HP OfficeJet Pro 8000/8500 повышенной емкости Black (~2200стр) пигмент ; 660 ; 836,63 ; 
38671 ; C4907AE ; Цветной №940XL к HP OfficeJet Pro 8000/8500 Cyan (~1400стр) пигмент ; 457 ; 579,09 ; 
38675 ; C4908AE ; Цветной №940XL к HP OfficeJet Pro 8000/8500 Magenta (~1400стр) пигмент ; 457 ; 578,76 ; 
52627 ; CN049AE ; Черный №950 к HP OfficeJet Pro 8100 N811a / N811d / 8610 / 8620  (~1000стр) ; 974 ; 1222,31 ; 
49259 ; CN046AE ; Цветной №951XL к HP OfficeJet Pro 8100 N811a / N811d / 8610 / 8620  повышенной емкости Cyan (~1500стр)  ; 1066 ; 1341,29 ; 
49260 ; CN047AE ; Цветной №951XL к HP OfficeJet Pro 8100 N811a / N811d / 8610 / 8620  повышенной емкости Magenta (~1500стр)  ; 1066 ; 1341,02 ; 
49261 ; CN048AE ; Цветной №951XL к HP OfficeJet Pro 8100 N811a / N811d / 8610 / 8620  повышенной емкости Yellow (~1500стр)  ; 1066 ; 1341,29 ; 
58554 ; L0S70AE ; Черный  №953XL к HP OfficeJet Pro 8210 / 8710 / 8720 / 8725 / 8730 повышенной емкости  (~2000стр) ; 1421 ; 1788,93 ; 
58551 ; F6U16AE ; Цветной  №953XL к HP OfficeJet Pro 8210 / 8710 / 8720 / 8725 / 8730 повышенной емкости Cyan (~1600стр) ; 938 ; 1180,64 ; 
58553 ; F6U17AE ; Цветной  №953XL к HP OfficeJet Pro 8210 / 8710 / 8720 / 8725 / 8730 повышенной емкости Magenta (~1600стр) ; 938 ; 1180,64 ; 
58550 ; F6U18AE ; Цветной  №953XL к HP OfficeJet Pro 8210 / 8710 / 8720 / 8725 / 8730 повышенной емкости Yellow (~1600стр) ; 938 ; 1180,64 ; 
20588 ; C8719HE ; черный №177XL к HP PhotoSmart 3213 / 3313 / 8253 / C5183 / D7163 / D7363 повышенной емкости Black (17ml) ; 1392 ; 1748,01 ; 
20400 ; C8721HE ; черный №177 к HP PhotoSmart 3213 / 3313 / 8253 / C5183 / D7163 / D7363 Black (6ml) ; 696 ; 873,39 ; 
20589 ; C8772HE ; цветной №177 к HP PhotoSmart 3213 / 3313 / 8253 / C5183 / D7163 / D7363 Magenta (3,5ml) ; 491 ; 617,51 ; 
20591 ; C8774HE ; цветной №177 к HP PhotoSmart 3213 / 3313 / 8253 / C5183 / D7163 / D7363 Light Cyan (5,5ml) ; 491 ; 616,41 ; 
20592 ; C8775HE ; цветной №177 к HP PhotoSmart 3213 / 3313 / 8253 / C5183 / D7163 / D7363 Light Magenta (5,5ml) ; 491 ; 615,37 ; 
35971 ; CB317HE ; черный фото №178 к HP PhotoSmart С5383 / C6383 / D5463 / Pro B8553,  PhotoBlack (130 л) ; 342 ; 428,82 ; 
35976 ; CB322HE ; черный фото №178XL к HP PhotoSmart С5383 / C6383 / D5463 / Pro B8553,  PhotoBlack (290 л) ; 624 ; 785,18 ; 
18440 ; C9351AE ; черный №21 для DeskJet 3920 / 3940 / D2360 / F2180 / F4180 / F380 /, Officejet 4355,  PSC 1410, (190стр) ; 741 ; 781,52 ; 
35696 ; C9351CE ; черный №21 XL для DeskJet D1560 / F325 / F2180 / F2280 / F4180 /, Officejet 4355 / J3680 (475стр) ; 1048 ; 1316,39 ; 
18439 ; C9352AE ; цветой №22 для DeskJet 3920 / 3940 / D2360 / F2180/ F4180/F380, Officejet 4355,  PSC 1410, (165стр) ; 795 ; 997,58 ; 
35695 ; C9352CE ; цветой №22 XL для DeskJet D1560 / D4363 / F325 / F2180 / F2280 / F4180 /, Officejet 4355 / 5610 / J3680 (415стр) ; 1082 ; 1360,55 ; 
953 ; C4844A ; черный №10  Design Jet 500/800/815/820/100/110/110NR   CP-1700 / 1700PS / 1700D OfficeJet K850 (69 ml) ; 1847 ; 1936,28 ; 
5066 ; C4810A ; PrintHead №11 (головка) DesignJet 100/110/500/510/800 CP-1700/1700PS/1700D  Business InkJet 1000/1100d OfficeJet K850 Black ; 1898 ; 1991,06 ; 
5067 ; C4811A ; PrintHead №11 (головка) DesignJet 100/110/500/510/800 CP-1700/1700PS/1700D  Business InkJet 1000/1100d OfficeJet K850 Cyan ; 1898 ; 2037,63 ; 
5068 ; C4812A ; PrintHead №11 (головка) DesignJet 100/110/500/510/800 CP-1700/1700PS/1700D  Business InkJet 1000/1100d OfficeJet K850 Magenta ; 1898 ; 2001,43 ; 
5069 ; C4813A ; PrintHead №11 (головка) DesignJet 100/110/500/510/800 CP-1700/1700PS/1700D  Business InkJet 1000/1100d OfficeJet K850 Yellow ; 1898 ; 2001,43 ; 
10332 ; C4836A ; Цветной №11 к DJ 2600 / CP 1700 / DesignJet 10/100/110/110NR  Business InkJet 1000/1100d OfficeJet K850 (Cyan) (28 ml) ; 1745 ; 2197,23 ; 
10333 ; C4837A ; Цветной №11 к DJ 2600 / CP 1700 / DesignJet 10/100/110/110NR  Business InkJet 1000/1100d OfficeJet K850 (Magenta) (28 ml) ; 1745 ; 2196,96 ; 
10334 ; C4838A ; Цветной №11 к DJ 2600 / CP 1700 / DesignJet 10/100/110/110NR  Business InkJet 1000/1100d OfficeJet K850 (Yellow) (28 ml) ; 1589 ; 1999,03 ; 
9708 ; C4921A ; PrintHead №14 (головка) CP 1160 / OfficeJet d125xi  Cyan ; 568 ; 718,60 ; 
9709 ; C4922A ; PrintHead №14 (головка) CP 1160 / OfficeJet d125xi  Magenta ; 568 ; 718,06 ; 
41136 ; CH565A ; Черный №82 к Design Jet 100 / 111 /  510 (69 ml) Black ; 1740 ; 1830,62 ; 
4721 ; C4911A ; Цветной №82 к Design Jet 5xx / 800 (69 ml) Cyan ; 1639 ; 2063,30 ; 
4723 ; C4912A ; Цветной №82 к Design Jet 5xx / 800 (69 ml) Magenta ; 1639 ; 1756,90 ; 
4722 ; C4913A ; Цветной №82 к Design Jet 5xx / 800 (69 ml) Yellow ; 1639 ; 1756,90 ; 
38816 ; C4847A ; Черный №80 к Design Jet 1050C/1055CM 680 ml ; 1706 ; 2170,17 ; 
20980 ; C9422A ; PrintHead №85 (головка) к Design Jet 130 / 130nr / 130gr Yellow ; 1650 ; 2075,21 ; 
20993 ; C9425A ; цветной №85 к Design Jet 130 / 130nr / 130gr Cyan (28ml) ; 1689 ; 2122,09 ; 
21683 ; C9391AE ; цветной №88 Large к OfficeJet K550/K5400/K8600/L7400/L7480/L7580/L7590/7680/7780 Vivera Cyan (17,1ml) ; 967 ; 1216,45 ; 
22145 ; C9393AE ; цветной №88 Large к OfficeJet K550/K5400/K8600/L7400/L7480/L7580/L7590/7680/7780 Vivera Yellow (17,1ml) ; 967 ; 1215,23 ; 
29947 ; C9452A ; цветной №70 к Design Jet Z2100 Cyan, VIVERA (130ml) ; 1138 ; 1445,12 ; 
29950 ; C9453A ; цветной №70 к Design Jet Z2100 Magenta, VIVERA (130ml) ; 1138 ; 1448,86 ; 
29952 ; C9455A ; цветной №70 к Design Jet Z2100 Light Magenta, VIVERA (130ml) ; 1138 ; 1447,32 ; 
29942 ; C9390A ; цветной №70 к Design Jet Z2100 LightCyan, VIVERA (130ml) ; 1138 ; 1447,51 ; 
38765 ; C9457A ; цветной №70 к Design Jet Z2100 Green, VIVERA (130ml) ; 1138 ; 1442,52 ; 
38766 ; C9458A ; цветной №70 к Design Jet Z2100 Blue, VIVERA (130ml) ; 1138 ; 1442,52 ; 
30837 ; C9372A ; цветной №72 к Design Jet T610/T1100 Magenta, VIVERA (130ml) ; 1254 ; 1587,22 ; 
50846 ; CZ129A ; черный №711 к Design Jet 120 / 520 Black (38ml) ; 1279 ; 1340,72 ; 
50850 ; CZ133A ; черный №711 к Design Jet 120 / 520 Black (80ml) ; 1878 ; 1988,93 ; 
50844 ; CZ130A ; цветной №711 к Design Jet 120 / 520 Cyan ; 964 ; 1120,65 ; 
50843 ; CZ131A ; цветной №711 к Design Jet 120 / 520 Magenta ; 964 ; 1120,65 ; 
50845 ; CZ132A ; цветной №711 к Design Jet 120 / 520 Yellow ; 964 ; 1114,22 ; 
50848 ; CZ135A ; цветной №711 к Design Jet 120 / 520 Magenta (3-pack) ; 2233 ; 2342,04 ; 
50847 ; CZ134A ; цветной №711 к Design Jet 120 / 520 Cyan (3-pack) ; 2233 ; 2342,04 ; 
50849 ; CZ136A ; цветной №711 к Design Jet 120 / 520 Yellow (3-pack) ; 2233 ; 2342,04 ; 
44306 ; 3484B002 ; Картридж 725 Black для LBP 6000 / MF 3010  (1600 стр) ; 1878 ; 2360,51 ; 
57995 ; 9435B002 ; Картридж 737 MF221/212/216/217/226/229 Black (2400 стр) ; 2111 ; 2638,59 ; 
39531 ; 1659B006 ; Тонер Canon C-EXV26 C1028i/C1028iF Cyan (6000 стр) ; 877 ; 1129,18 ; 
39533 ; 1658B006 ; Тонер Canon C-EXV26 C1028i/C1028iF Magenta (6000 стр) ; 877 ; 1129,18 ; 
39534 ; 1657B006 ; Тонер Canon C-EXV26 C1028i/C1028iF Yellow (6000 стр) ; 877 ; 1129,18 ; 
41852 ; 2785B002 ; Тонер Canon C-EXV33 iR2520/2520i/2530/2530i Black (14600 стр) ; 1270 ; 1313,61 ; 
57228 ; 3782B002 ; Тонер Canon C-EXV34 C2220L/C2220i/C2225i/C2230i Black (23000 стр) ; 911 ; 1146,31 ; 
57229 ; 3783B002 ; Тонер Canon C-EXV34 C2220L/C2220i/C2225i/C2230i Cyan (19000 стр) ; 3016 ; 3800,15 ; 
57230 ; 3784B002 ; Тонер Canon C-EXV34 C2220L/C2220i/C2225i/C2230i Magenta (19000 стр) ; 3016 ; 3796,68 ; 
57231 ; 3785B002 ; Тонер Canon C-EXV34 C2220L/C2220i/C2225i/C2230i Yellow (19000 стр) ; 3016 ; 3796,68 ; 
37422 ; 2146B005 ; Картридж CL-38 color (для PIXMA IP1800/2500) , ~205 А4/5% ; 542 ; 561,70 ; 
57149 ; 9064B001 ; Картридж CL-56 PIXMA Ink Efficiency E404 Color ; 370 ; 406,15 ; 
52432 ; 5220B001 ; Картридж  CL-441XL Color  для PIXMA MG2140/2240/3140/3240/3540/4140/4240 MX374/394/434/454/474/514/524/534  ~400 стр. при 5% (А4)  ; 635 ; 656,02 ; 
53491 ; 8284B001 ; Картридж  CL-446XL Color  для PIXMA PIXMA MG2440/MG2450/MG2940/iP2840 ; 795 ; 997,24 ; 
55118 ; 8285B001 ; Картридж  CL-446 Color  для PIXMA MG2440/MG2450/MG2940/iP2840 ; 486 ; 611,28 ; 
37421 ; 2971B007 ; Картридж CL-513 Color повыш. емкости (Pixma MP230/240/250/252/260/270/272/280/282/480/490/492/495/499, MX320/330/340/350/360/410/420) ~349 стр при 5% ; 718 ; 762,32 ; 
37117 ; 2933B004 ; Картридж CLI-521 Black Pixma MP540/550560/620/630/640/980/990 MX890/870 Ip3600/4600/4700 ~1875 стр при 5% ; 403 ; 506,99 ; 
37144 ; 2934B004 ; Картридж CLI-521 Cyan Pixma MP540/550560/620/630/640/980/990 MX890/870 Ip3600/4600/4700 ~510 стр при 5% ; 370 ; 465,53 ; 
37294 ; 2935B004 ; Картридж CLI-521 Magenta Pixma MP540/550560/620/630/640/980/990 MX890/870 Ip3600/4600/4700 ~510 стр при 5% ; 370 ; 465,41 ; 
37116 ; 2936B004 ; Картридж CLI-521 Yellow Pixma MP540/550560/620/630/640/980/990 MX890/870 Ip3600/4600/4700 ~510 стр при 5% ; 370 ; 465,41 ; 
56189 ; 2934B010 ; Картридж CLI-521  Bundle (C,M,Y) MP540/630 Pixma MP540/550560/620/630/640/980/990 MX890/870 Ip3600/4600/4700  ; 967 ; 1215,93 ; 
37417 ; 2932B004 ; Картридж PGI-520Bk (Pixma MP540/550/560/620/630/640/980/990 MX860/870 iP3600/4600/4700) 19мл ; 430 ; 540,71 ; 
38261 ; 2145B005 ; Картридж PG-37 black (для PIXMA iP 1800/2500) ~220 стр при 5% ; 425 ; 534,36 ; 
21069 ; 0615B025AA ; Картридж PG-40 black FINE (для фотопринтеров iP1600/1700/1800/2200/2500, MP150/170/450, Fax JX200/500), ~200 А4/5% ; 496 ; 624,17 ; 
53694 ; 0616B001 ; Картридж PG-50 black High Yield FINE (для фотопринтеров PIXMA iP2200, MP150/170/160/450/460), ~300 А4/5% ; 568 ; 717,92 ; 
37418 ; 2970B007 ; Картридж PG-510 black Pixma MP230/240/250/252/260/270/272/280/282/480/490/492/495/499, MX320/330/340/350/360/410/420 ~329 стр при 5% ; 365 ; 459,67 ; 
37419 ; 2969B007 ; Картридж PG-512 High Yield black Pixma MP230/240/250/252/260/270/272/280/282/480/490/492/495/499, MX320/330/340/350/360/410/420 ~400 стр при 5% ; 581 ; 730,68 ; 
45259 ; 4556B001 ; Картридж CLI-426Bk Black  для iP4840/4940/MG5140/MG5240/MG5340/MG6140/MG6240//MG8140/MG8240/IX6540/MX714/880/884/894 9мл ; 347 ; 436,98 ; 
13389 ; 1101213 ; Тонер OKI Page B4100 / 4200 / 4250 / 4300 (2500 стр.) ; 305 ; 380,55 ; 
52108 ; SU730A ; Картридж MLT-D103S для ML-2955ND/ SCX-4729FD  (1500 копий) ; 1583 ; 1660,25 ; 
52106 ; SU718A ; Картридж MLT-D103L для ML-2955ND/ SCX-4729FD  (2500 копий) ; 1726 ; 1817,48 ; 
44501 ; SU748A ; Картридж MLT-D104S для ML-1660/1665/1667/1860/1865/1867, SCX-3200/3205/3207/3217/3220 (1500копий) ; 1847 ; 1968,94 ; 
52743 ; SU909A ; Картридж MLT-D203S для SL-M3870FD/M3870FW/M3820D/ M3820ND/M4070FR/M4020ND (3 000 копий) ; 2284 ; 2871,07 ; 
52746 ; MLT-D203U ; Картридж MLT-D203U для SL-M3870FD/M3870FW/M3820D/ M3820ND/M4070FR/M4020ND (15 000 копий) ; 6141 ; 7724,17 ; 
45764 ; SU953A ; Картридж MLT-D205E для ML-3310D/3710D, SCX-4833FD5637FR  (10000стр.) ; 4111 ; 5175,20 ; 
52429 ; MLT-D208S ; Картридж MLT-D208S для SCX-5635/5835/5935  (4000 копий) ; 1665 ; 2100,85 ; 
46548 ; MLT-D208L ; Картридж MLT-D208L для SCX-5635/5835/5935  (10 000 копий) ; 2487 ; 3138,04 ; 
38126 ; SV017A ; Картридж MLT-D209S для SCX-4824FN/4828FN  (2000 копий) ; 2862 ; 3002,62 ; 
38840 ; SV007A ; Картридж MLT-D209L для SCX-4824FN/4828FN (5 000 копий) ; 3411 ; 4285,06 ; 
42133 ; SU739A ; Картридж MLT-D1043S для ML-1661 (1500 копий) ; 1370 ; 1436,60 ; 
17314 ; ML-7300DA ; Картридж ML-7300 DA (для Samsung ML-7300) (10 000 копий) ; 609 ; 809,47 ; 
43606 ; CLT-M407S ; Тонер-Картридж CLP-320/N, CLP-325, CLX-3185/N/FN, Magenta ~1000 стр@5% (A4) ; 1370 ; 1722,84 ; 
35320 ; CLT-C409S ; Тонер-Картридж CLP-310/N, CLP-315/W, CLX-3170FN, CLX-3175/N/FN/FW, Cyan ~1000 стр@5% (A4) ; 1269 ; 1597,37 ; 
35321 ; SU274A ; Тонер-Картридж CLP-310/N, CLP-315/W, CLX-3170FN, CLX-3175/N/FN/FW, Magenta ~1000 стр@5% (A4) ; 914 ; 1149,15 ; 
8224 ; 106R441 ; Картридж к DocuPrint P1210  (3000 стр.) ; 662 ; 832,39 ; 
42521 ; 106R01485 ; Тонер-картридж Xerox WC 3210/3220 MFP(2000 стр) ; 2560 ; 3224,18 ; 
491 ; 113R00265 ; Картридж Xerox DocuPrint 4508  (5000 стр.) ; 1960 ; 2487,98 ; 
11557 ; 109R00639 ; Картридж Xerox  Phaser 3110 / 3210  (3000 стр.) ; 3130 ; 3927,47 ; 
17042 ; 109R00748 ; Картридж Xerox  Phaser 3116  (3000 стр.) ; 2043 ; 2572,54 ; 
31529 ; 109R00746 ; Картридж Xerox  Phaser 3150  (3500) ; 2319 ; 2919,72 ; 
22830 ; 106R01033 ; Картридж Xerox  Phaser 3420 / 3425  (5000 стр.) ; 2760 ; 3476,00 ; 
36541 ; 106R01147 ; Картридж Xerox Phaser 6300/6350 Black (10 000 стр.) ; 1960 ; 2478,19 ; 
133 ; 8R07880 ; Картридж XJ8C цветной ; 286 ; 367,41 ; 
136 ; 8R7660 - 3 ; Картридж-вставка к XJ4C B/C/Y/M (за 1 цвет) ; 171 ; 216,64 ; 
25298 ; ET-CBP8E ; Лезвие очистки EasyTake XEROX P8e/Lexmark Optra e310/e312 (5шт/уп) Wiper Blade ; 56 ; 70,66 ; 
36502 ; IBIP21GS ; Фотобарабан к Xerox DocuPrint N2125/Phaser 4400 Drum with Gears, HANP ; 144 ; 179,86 ; 
494 ;  ; Тонер к RX-С55 C/Y/M  ; 2192 ; 2756,46 ; 
37019 ;  ; Чип к картриджу Xerox Phaser 3428 ; 28 ; 35,63 ; 
21005 ; TN2075 ; Тонер картридж Brother HL-20xxR, DCP70xxR, MFC7xxxR   3000 копий ; 2186 ; 2725,24 ; 
37829 ; TN2175 ; Тонер картридж Brother HL-21x0R, DCP-7030/ 7032, MFC-7320 (2600 стр) ; 1491 ; 1858,91 ; 
44615 ; TN3170 ; Тонер картридж Brother HL-52xx  (7000 л) ; 2186 ; 2725,24 ; 
59027 ; AE-1292N ; Картридж Epson T1292 Cyan ActiveJet new ; 83 ; 104,06 ; 
59028 ; AE-1293N ; Картридж Epson T1293 Magenta ActiveJet new ; 83 ; 104,06 ; 
59018 ; AE-1294N ; Картридж Epson T1294 Yellow ActiveJet new ; 83 ; 104,06 ; 
59019 ; AE-1301N ; Картридж Epson T1301 Black ActiveJet new ; 171 ; 213,91 ; 
59020 ; AE-1302N ; Картридж Epson T1302 Cyan ActiveJet new ; 171 ; 213,91 ; 
59021 ; AE-1303N ; Картридж Epson T1303 Magenta ActiveJet new ; 171 ; 213,91 ; 
59022 ; AE-1304N ; Картридж Epson T1304 Yellow ActiveJet new ; 171 ; 213,91 ; 
59043 ; ATH-05NX ; Картридж HP 05X CE505X  ActiveJet new ; 938 ; 1177,74 ; 
59040 ; ATH-35N ; Картридж HP 35A CB435A  ActiveJet new ; 739 ; 927,13 ; 
59046 ; ATH-55NX ; Картридж HP 55X CE255X  ActiveJet new ; 1308 ; 1641,03 ; 
59036 ; AH-22RX ; Картридж HP №22XL C9352 ActiveJet remanufactured ; 586 ; 735,60 ; 
59057 ; KH-78R ; Картридж HP №78 C6578 Actis remanufactured ; 496 ; 622,30 ; 
55957 ; PN-80AR ; Картридж HP LJ CF280A (PN-80AR) (~2700 стр при 5%А4) LaserJet Pro 400 M401/ M425 ; 832 ; 1045,74 ; 
57002 ; G&G-712 ; Картридж для Canon LBP-3010/3020 CB435A / Canon 712 Black (~ 1500 при 5%А4)  ; 589 ; 738,06 ; 
57003 ; G&G-725 ; Картридж для Canon LBP-6000/6020/MF3010 CE285A / Canon 725 Black (~1600 при 5%А4)  ; 575 ; 720,70 ; 
58864 ; G&G-D119S ; Картридж для Samsung ML-1610/1615/2010/2015/ 2510/2570, SCX-4321/4521 Black (~2000 при 5%А4) ; 964 ; 1208,66 ; 
57008 ; G&G-CF280A ; Картридж для HP LJ M425dn/M425dw/M401a CF280A Black (~2700 при 5%А4)  ; 584 ; 612,03 ; 
57014 ; G&G-CE285A ; Картридж для HP LJ P1102/1102w/M1132/M1212nf CE285A / Canon 725 Black (~1600 при 5%А4)  ; 558 ; 582,93 ; 
62122 ; G&G-TN1095 ; Картридж G&G для Brother HL-1202R, DCP-1602R (~1500 при 5%А4) ; 276 ; 347,28 ; 
10263 ; R13.12S ; Refill (заправка), черный, (кольцо) 13*12 (за 1 шт) ; 41 ; 51,42 ; 
39832 ; S042200 ; Бумага Premium Semiglossy Photo Paper 10x15, 251g/m2 (500 sheets) Полуглянцевая фотобумага  ; 1421 ; 1484,61 ; 
16920 ; S041826 ; Бумага Premium Glossy Photo Paper 10x15, 255g/m2 (500 sheets) Высококачественная, глянцевая фотобумага ; 1421 ; 1484,61 ; 
16921 ; S041875 ; Бумага Premium Glossy Photo Paper 13x18, 255g/m2 (50 sheets) Высококачественная, глянцевая фотобумага ; 386 ; 403,39 ; 
39828 ; S042199 ; Бумага Premium Glossy Photo Paper 13x18, 255g/m2 (500 sheets) Высококачественная, глянцевая фотобумага ; 2111 ; 2215,60 ; 
38288 ; S042549 ; Бумага Glossy Photo Paper 10x15, 200g/m2 (500 sheets) Плотная, глянцевая фотобумага (замена S042201 и S042202) ; 1051 ; 1098,61 ; 
58985 ; S400037 ; Бумага Value Glossy Photo Paper 10x15, 183g/m2 (20 sheets) Глянцевая фотобумага с покрытием для ежедневной печати. Для всех типов печати. ; 71 ; 89,22 ; 
58987 ; S400035 ; Бумага Value Glossy Photo Paper A4, 183g/m2 (20 sheets) Глянцевая фотобумага с покрытием для ежедневной печати. Для всех типов печати. ; 162 ; 203,91 ; 
14326 ; S041215 ; Бумага Color Laser Paper A4, 82g/m2 (250 sheets) Матовая, для печати на цветном лазерном принтере ; 171 ; 214,94 ; 
3033 ; S041287 ; Бумага Premium Glossy Photo Paper A4, 255 g/m2 (20 sheets) Высококачественная глянцевая фотобумага ; 497 ; 625,27 ; 
40629 ; S041624 ; Бумага Premium Glossy Photo Paper A4, 255 g/m2 (50 sheets) Высококачественная глянцевая фотобумага ; 964 ; 1017,14 ; 
3034 ; S041332 ; Бумага Premium SemiGlossy Photo Paper A4, 251g/m2 (20 sheets) Высококачественная полуглянцевая фотобумага ; 487 ; 612,77 ; 
9473 ; S041569 ; Бумага Double Side Mate Paper A4, 178g/m2 (50 sheets) (0.247мм) Плотная ярко-белая бумага с двусторонним матовым покрытием ; 536 ; 674,21 ; 
14328 ; S041264 ; Бумага Matte Paper-Heavyweight A3+ (50л.)  167 g/m2 Матовая бумага высокого качества для Photo ; 1066 ; 1338,86 ; 
3115 ; S041334 ; Бумага Premium Semigloss Photo Paper A3, 251g/m2 (20 sheets) Высококачественная полуглянцевая фотобумага ; 685 ; 860,23 ; 
50929 ; S042123 ; Бумага Premium Luster Photo Paper A2, 235 г/м2 (25 sheets) Глянцевая бумага с оригинальной мелкозернистой текстурой, которая максимально точно имитирует классическую бумагу для фотографий. ; 911 ; 1142,84 ; 
3116 ; S041352 ; "Бумага Watercolor Paper-Radiant White A3+, 190g/m2 (20 sheets) Текстурированная, матовая, для создания эффекта ""акварель""" ; 1015 ; 1272,48 ; 
47858 ; S045278 ; "Бумага Epson Bond Paper Bright (24"") 610мм x 50м, 90 г/м2 Матовое покрытие. Для каждодневной печати водорастворимыми и пигментными чернилами. Для печати чертежей, тех. Презентаций, КАД, ГИС." ; 415 ; 521,26 ; 
56154 ; S045280 ; "Бумага Epson Bond Paper Bright (36"") 914мм x 50м, 90 г/м2 матовое покрытие. Для каждодневной печати водорастворимыми и пигментными чернилами. Для печати чертежей, тех. Презентаций, КАД, ГИС." ; 457 ; 575,23 ; 
51326 ; S045282 ; "Бумага Epson Bond Paper Satin (24"") 610мм x 50м, 90 г/м2 Белый носитель широкого применения для каждодневной печати водорастворимыми и пигментными чернилами." ; 508 ; 639,92 ; 
3975 ; S041295 ; "Бумага Presentation Мatte Paper (24"")610mm x 25m, 172g/m2 Матовая фотобумага, для многоцелевого использования" ; 1164 ; 1463,25 ; 
12192 ; S041598 ; "Бумага Enhanced Matte Poster Board (24"") 610mm X 762mm, 1170g/m2 Очень плотная, ярко-белая, матовая, (толщина 1.3 мм)" ; 2219 ; 2789,64 ; 
43623 ; S041640 ; "Бумага Premium Glossy Photo Paper (44"")1118mm x 30.5m, 250 g/m2 Высококачественная, плотная, глянцевая фотобумага" ; 4294 ; 5397,69 ; 
48732 ; S045289 ; "Бумага Presentation Paper HiRes (42"") 1067мм x 30м, 120 г/м2 Многоцелевой матовый носитель для коммерческой печати. " ; 1381 ; 1733,49 ; 
55320 ; 450L90504 ; "Бумага Xerox Inkjet Monochrome (80 г/м2) 610mmx50m.  Бумага в рулонах на основе сорта офисной бумаги класса A Xerox Premier. Предназначена для черно-белой струной печати, подходит также для цветной печати с низкой заливкой и невысоким разрешением; 320,5; 340,5;
56155 ; 450L90503 ; "Бумага Xerox Inkjet Monochrome (80 г/м2) 914mmx50m.  Бумага в рулонах на основе сорта офисной бумаги класса A Xerox Premier. Предназначена для черно-белой струной печати, подходит также для цветной печати с низкой заливкой и невысоким разрешением; 420,5; 440,5;
56140 ; 450L90107 ; "Бумага Xerox Inkjet Monochrome (80 г/м2) 1067mmx45m.  Бумага в рулонах на основе сорта офисной бумаги класса A Xerox Premier. Предназначена для черно-белой струной печати, подходит также для цветной печати с низкой заливкой и невысоким разрешением; 520,5; 540,5;
56095 ; 450L90506 ; Бумага Xerox Inkjet Monochrome (90) 610mmx45m. Бумага в рулонах на основе сорта офисной бумаги класса A Xerox Premier ; 284 ; 357,14 ; 
57264 ; IP-C200-085 ; Бумага BARVA Глянцевая одностороняя 10x15 (200 г/м2) 500л.  ; 531 ; 666,41 ; 
57255 ; IP-A230-023 ; Бумага BARVA Матовая одностороняя 10x15 (230 г/м2) 50л. ; 56 ; 70,28 ; 
57256 ; IP-A230-083 ; Бумага BARVA Матовая одностороняя 10x15 (230 г/м2) 500л. ; 397 ; 498,68 ; 
57270 ; IP-R200-161 ; Бумага BARVA PROFI Белый Суперглянец, односторонняя 10x15 (200 г/м2) 20л. ; 66 ; 82,74 ; 
57260 ; IP-B190-065 ; Бумага BARVA Матовая Двухсторонняя 10x15 (190 г/м2) 20л. ; 66 ; 82,86 ; 
57269 ; IP-CE230-141 ; Бумага BARVA Economy Series Глянцевая односторонняя A4 (230 г/м2)100л. ; 342 ; 353,85 ; 
22977 ; USB2-AMBM-6+ф ; USB 2.0 cable A->B 1,8m + ферритовые фильтры ; 33 ; 41,35 ; 
12898 ; USB2-AMBM-6 ; USB 2.0 cable A->B 1,8m  ; 21 ; 26,37 ; 
22975 ; USB2-AMBM-10+ф ; USB 2.0 cable A->B 3m + ферритовые фильтры ; 33 ; 41,45 ; 
22978 ; USB2-AMBM-15+ф ; USB 2.0 cable A->B 5m + ферритовые фильтры ; 45 ; 56,52 ; 
50922 ; USB3-AMBM6 ; USB 3.0 cable A->B 1,8m + ферритовые фильтры ; 105 ; 131,80 ; 
42439 ; VV013 ; USB2.0 AMBM, 10м     Активный кабель Viewcon VV013  ; 425 ; 533,81 ; 
14902 ; USB2-AM4P-6 ; USB 2.0 Cable A to mini USB 4P 1.8m (Кабель для цифровых камер) ; 28 ; 35,15 ; 
24013 ; USB2-AM5P15+Ф ; USB Cable A to mini USB 5P 4,5m (Кабель для цифровых камер) + ферритовые фильтры ; 71 ; 89,32 ; 
23223 ; USB2-AMAF6+Ф ; Удлинитель USB 2.0 cable (Patch-cord USB Aplug->Asocket 1.8 m) + ферритовые фильтры ; 28 ; 35,13 ; 
23225 ; USB2-AMAF10+Ф ; Удлинитель USB 2.0 cable (Patch-cord USB Aplug->Asocket  3 m) + ферритовые фильтры ; 33 ; 41,45 ; 
21845 ; ML1710G ; Фотобарабан Samsung ML-1510/1710/1740/1750, SCX-4100/4520/4720, XEROX PE16/Phaser 3130  HANP ; 45 ; 57,02 ; 
23160 ; ML2150G ; Фотобарабан Samsung ML-2150/2550/Phaser 3450  HANP ; 33 ; 44,55 ; 
46629 ;  ; Вал первичной зарядки SAMSUNG ML-1610 ; 56 ; 70,52 ; 
30525 ;  ; Лезвие дозирующее Samsung 1510/1710/1750 ; 56 ; 70,38 ; 
19487 ;  ; Лезвие очистки Samsung ML-1210/1010/1020/1220/1250/1430 /Lexmark E210/E510/E520/E53 ; 56 ; 71,13 ; 
32552 ;  ; ЧИП SAMSUNG 2150 КОРЕЯ(АНК) ; 56 ; 70,72 ; 
32553 ;  ; ЧИП SAMSUNG 2250 КОРЕЯ(АНК) ; 56 ; 70,72 ; 
12205 ;  ; Картридж Samsung SQ1200C ; 56 ; 70,33 ; 
13396 ; 11707302 ; Полироль Se барабанов 118ml Katun ; 28 ; 34,91 ; 
13398 ; 11015539 ; Смазка высокотемпературная 50ml  (HTG50T)     Katun ; 28 ; 34,91 ; 
20104 ; 11023314 ; Смазка пленки печки (2 g / Tube) ; 28 ; 34,91 ; 
13401 ; 11707301 ; Шлифовка Se барабанов Pumice 118ml Katun ; 28 ; 34,91 ; 
13211 ; 15023033 ; Вал резиновый Canon iR 1600/1610 F/2000/2010 (MICROSLEEVE) Katun ; 28 ; 34,91 ; 
31639 ; PXMRBUSH-U ; Втулка вала магнитного SCC HP LJ 5L/1100/Canon FC/PC-230/220/310/330/770/E16/20/40 ; 28 ; 34,91 ; 
20822 ; IR3300GS ; Фотобарабан HANP NPG-18 Canon IR 3300/330/400/2200/GP-200/300/400/ ; 28 ; 34,91 ; 
13391 ; 11737710 ; Пылесос 3M Field Service Vacuum - 220/240 VAC ; 6138 ; 7719,47 ; 
44870 ; АП-2388 (ТП) ; Пылесос вакуумный Аэротон ; 3411 ; 4287,84 ; 
18279 ; C9365AE ; Blue фото №101 (Vivera) к HP PhotoSmart 8753 (Cyan+LightCyan+Blue) (13ml) Просрочен ; 5 ; 6,59 ; 
11235 ; S015086 ;  FX-2170 \ 2180 \ LQ-2070 Original ; 5 ; 6,24 ; 
29189 ; S015450 ; (3 шт в упаковке)  FX-2170 \ 2180 \ LQ-2070 Original ; 5 ; 6,24 ; 
143 ; E.23H ;  DFX-5000 \ 8000 \ 8500  (WWM) ; 5 ; 6,24 ; 
510 ; C4842A ; цветной №10 к DJ 2000/2500 (Yellow) (28 ml) Просрочен ; 5 ; 6,59 ; 
617 ; T005011 ; STYLUS COLOR 900/980 (Color) ; 5 ; 6,59 ; 
39498 ; T612200 ; STYLUS Pro 7450/7880/9450/9880 (Cyan) 220ml ; 28 ; 34,91 ; 
16387 ; C13T544800 ; STYLUS Pro 4000 / 9600 (220ml) Mate Black (Просроченный) ; 28 ; 35,26 ; 
40286 ; T580800 ; STYLUS Pro 3800 (80ml) Mate Black ; 28 ; 35,26 ; 
27747 ; C13S050289 ; (3шт) Тонер-картриджа AcuLaser 2600/C2600 (Экономичный комплект cyan+magenta+yellow, 2000л каждый) ; 28 ; 100,66 ; 
40290 ; T580300 ; STYLUS Pro 3800 (magenta) 80ml ; 28 ; 34,91 ; 
40286 ; T580800 ; STYLUS Pro 3800 (80ml) Mate Black ; 28 ; 35,26 ; 
25555 ; T567300 ; STYLUS Pro 7400/9400 (Magenta) 220ml Просрочен ; 33 ; 41,14 ; 
10499 ; C13S051083 ; Фотокондуктор Unit AcuLaser C900 / C1900 (45 000 ч\б или 11 250 цветн) ; 28 ; 58,58 ; 
12968 ; C13S050033 ; Тонер-картридж AcuLaser C1000 Black (6000 стр.) ; 28 ; 34,91 ; 
19543 ; C13S050228 ; Тонер-картридж AcuLaser 2600n / C2600n Cyan (5000 стр.) ; 28 ; 34,91 ; 
19545 ; C13S050227 ; Тонер-картридж AcuLaser 2600n / C2600n Magenta (5000 стр.) ; 28 ; 34,91 ; 
19546 ; C13S050226 ; Тонер-картридж AcuLaser 2600n / C2600n Yellow (5000 стр.) ; 28 ; 34,91 ; 
37356 ; C13S051125 ; Тонер-картридж AcuLaser C3800 Magenta (9000 стр.) ; 28 ; 34,91 ; 
37355 ; C13S051124 ; Тонер-картридж AcuLaser C3800 Yellow (9000 стр.) ; 28 ; 34,91 ; 
2782 ; BASF089 ; STYLUS 400\600\800\850\1520 (C) BASF ; 56 ; 73,19 ; 
29806 ; C13S050101 ; Коллектор отработанного тонера для Epson Acu Laser C900 / C1900 (50 000 ч\б или 12 500 цветн) ; 5 ; 6,24 ; 
9299 ;  ; Смазывающий ролик для AcuLaser 2000 ; 5 ; 6,24 ; 
144 ; S02003940 ; (2 шт S020025) STYLUS 800+\1000 ; 28 ; 34,91 ; 
145 ; S020047 ; STYLUS II \ IIS \ 820 \ 200   (B)  ; 28 ; 34,91 ; 
146 ; S020049 ; STYLUS II \ IIS \ 820 \ 1500 (C)  ; 28 ; 34,91 ; 
158 ; S020130 ; STYLUS COLOR 3000/Pro 5000 (Cyan)    ; 28 ; 34,91 ; 
149 ; S020138 ; STYLUS Color 300 (B\Y\C\M)  ; 28 ; 34,91 ; 
610 ; T001011 ; STYLUS Photo 1200 (Color) ; 28 ; 34,91 ; 
9472 ; T013402 ; (2 шт) STYLUS COLOR 480 / C20SX / C40UX / C20UX / C40SX (Black) ; 28 ; 34,91 ; 
3191 ; T014401 ; STYLUS COLOR 480 / C20SX / C40UX / C20UX / C40SX (Color) ; 28 ; 34,91 ; 
4004 ; T017402 ; (2 шт) STYLUS COLOR 680 (Black) ; 144 ; 179,86 ; 
6022 ; T028401 ; STYLUS COLOR С60 (Black) не подходит для С62!! ; 28 ; 34,91 ; 
6052 ; T029401 ; STYLUS COLOR С60 (Color)  не подходит для С62!! ; 28 ; 34,91 ; 
11028 ; T032142 ; (2шт) STYLUS COLOR С70 / C80 / C82 / CX5200 / CX5400 (Black) Просрочен ; 28 ; 34,91 ; 
6106 ; T032340 ; STYLUS COLOR С70 / C80 (Magenta) Не подходит для С82!! Просрочен ; 28 ; 34,91 ; 
6107 ; T032440 ; STYLUS COLOR С70 / C80 (Yellow) Не подходит для С82!! Просрочен ; 28 ; 34,91 ; 
7684 ; T033440 ; STYLUS COLOR Photo 950 (Yellow) ; 28 ; 39,22 ; 
8945 ; C13T034240 ; STYLUS COLOR Photo 2100 (Cyan) Просроченный ; 33 ; 41,49 ; 
9720 ; C13T034840 ; STYLUS COLOR Photo 2100 (Matte Black) Просроченный ; 28 ; 34,91 ; 
9475 ; T042240 ; STYLUS COLOR С82 / CX5200 / CX5400 (Cyan) ; 28 ; 34,91 ; 
9476 ; T042340 ; STYLUS COLOR С82 / CX5200 / CX5400 (Magenta) ; 28 ; 34,91 ; 
9474 ; T042440 ; STYLUS COLOR С82 / CX5200 / CX5400 (Yellow) ; 28 ; 34,91 ; 
11266 ; 8191A002 ; Картридж BCI-15 color сменный картридж для принтера i-70 (2 шт. в упаковке!!) ; 5 ; 6,24 ; 
2918 ; 4480A002 ; Картридж BCI-3C  Cyan (сменный картридж для BC-33) соответсвтие принтерам - см. по BC30/33 ; 5 ; 6,24 ; 
2919 ; 4482A002 ; Картридж BCI-3Y Yellow (сменный картридж для BC-33) соответсвтие принтерам - см. по BC30/33 ; 5 ; 6,24 ; 
2920 ; 4481A002 ; Картридж BCI-3M Magenta (сменный картридж для BC-33) соответсвтие принтерам - см. по BC30/33 ; 5 ; 6,24 ; 
9756 ; 4483A002 ; Картридж BCI-3ePC Cyan (photo) сменный картридж для BC-32 соответсвтие принтерам - см. по BC32/34 ; 5 ; 6,24 ; 
9757 ; 4484A002 ; Картридж BCI-3ePM Magenta (photo) сменный картридж для BC-32) соответсвтие принтерам - см. по BC32/34 ; 5 ; 6,24 ; 
5802 ; 0989A002 ; Картридж BCI-5PC  Light Cyan (сменный картридж для BJC-8200) ; 5 ; 6,24 ; 
5803 ; 0990A002 ; Картридж BCI-5PM Light Magenta (сменный картридж для BJC-8200) ; 5 ; 6,24 ; 
5794 ; 4705A002 ; Картридж BCI-6BK  Black (сменный картридж для BJS-800/820/830/ i865 / i950 / i9950 / 9000/Pixma ip4000/5000/780) ; 5 ; 6,24 ; 
20881 ;  ; Картридж BCI-8M Magenta для BJS-8500 ; 5 ; 6,24 ; 
38191 ;  ; Картридж BCI-8Bk Black для BJS-8500 ; 5 ; 6,24 ; 
33037 ; 1033B001 ; Картридж PGI-9 Matte Black ; 5 ; 6,24 ; 
33038 ; 1034B001 ; Картридж PGI-9 Photo Black ; 5 ; 6,24 ; 
33547 ; 1035B001 ; Картридж PGI-9 Cyan ; 5 ; 6,24 ; 
33548 ; 1036B001 ; Картридж PGI-9 Magenta ; 5 ; 6,24 ; 
33549 ; 1037B001 ; Картридж PGI-9 Yellow ; 5 ; 6,24 ; 
33550 ; 1040B001 ; Картридж PGI-9 Red ; 5 ; 6,24 ; 
33043 ; 1041B001 ; Картридж PGI-9 Green ; 5 ; 6,24 ; 
33597 ; 1042B001 ; Картридж PGI-9 Grey ; 5 ; 6,24 ; 
33039 ; 1038B001 ; Картридж PGI-9PC Photo Cyan ; 5 ; 6,24 ; 
33040 ; 1039B001 ; Картридж PGI-9PM Photo Magenta ; 5 ; 6,24 ; 
20822 ; IR3300GS ; Фотобарабан HANP NPG-18 Canon IR 3300/330/400/2200/GP-200/300/400/ ; 28 ; 34,91 ; 
40944 ; 0257B002 ; Drum Unit C-EXV16 cyan   irc 4580 ; 28 ; 106,88 ; 
40943 ; 0256B002 ; Drum Unit C-EXV16 magenta   irc 4580 ; 28 ; 106,88 ; 
19774 ;  ; Drum Unit C-EXV3 для ; 28 ; 49,30 ; 
25055 ; 0264B002 ; Картридж Canon 706 к MF6530/6540PL/6550/6560PL/6580PL Black (5000 стр) ; 1562 ; 1975,84 ; 
20831 ; 0279B002 ; Тонер Canon C-EXV13 (45К)  iR5570/6570 ; 1562 ; 1968,65 ; 
11229 ; 7814A002 ; Тонер Canon C-EXV7  ir1210/1510 ; 425 ; 536,97 ; 
21031 ; C-EXV8 yellow ; Тонер Canon C-EXV8 yellow ; 28 ; 49,30 ; 
662 ; 1372A005 ; Тонер Canon NPG-1 190гр original ; 154 ; 196,93 ; 
14018 ;  ; Тонер Canon NPG-12 Тонер для NP-6085 ; 28 ; 36,70 ; 
54553 ; TKC40 ; Тонер Canon C-EXV18  IR-1018/1019/1022/1023  IPM ; 425 ; 535,03 ; 
12463 ; 11500064 ; Тонер Canon C-EXV5 к IR 1600 INTEGRAL ; 154 ; 199,86 ; 
13044 ; 15017950 ; Тонер Canon G-7 NP 6025/6030 (500 g / Cartridge) Katun ; 28 ; 35,62 ; 
16259 ; 35012464 ; Вал тефлоновый Minolta EP 1050/1080/1081 Katun ; 28 ; 40,95 ; 
37542 ; 20101 ; Тонер Delacamp Minolta SP 101 (360 г/ бутль) ; 28 ; 41,15 ; 
26963 ; 65018889 ; Тонер Konica Minolta EP 2030/3010 (410g/Cartridge), Access /Katun ; 28 ; 40,57 ; 
13041 ; 35012636 ; Тонер Minolta EP 1050/1080/1081 (220 g / Cartridge) KTm~ ; 28 ; 37,36 ; 
20028 ; 35010014 ; Тонер Minolta EP 2100/3120/3150 (70 g / Cartridge) Katun ; 28 ; 36,43 ; 
20029 ; 35010016 ; Тонер Minolta EP 2120/2121/2130/2131/2150/2151/2152/2153  (50 g / Cartridge) Katun ; 28 ; 36,09 ; 
10642 ; 13100012 ; Тонер Minolta EP-1030/1030F/1031/1031F  ITNEGR ; 28 ; 35,86 ; 
31644 ; M1350-175B ; Тонер SCC Minolta PagePro 1300/1350/1380/1390, Epson EPL 6200/LP 1400/2500 (175g bottle) ; 28 ; 37,79 ; 
23649 ; 35027542 ; Тонер-картридж Type TN-113 Konica Minolta BIZHUB 160/161, DI 1610  (720g) ORIGINAL Katun ; 28 ; 47,32 ; 
56098 ; A1UC050*1 ; Тонер-кит TN116  для bizhub 164\165/185/215 (туба 13 200 копій, @5%) ; 28 ; 47,52 ; 
37956 ; TKKM86 ; Тонер IPM Kyocera Mita FS 720/820/920/1016 (TK-110, 225g/Cartridge) ; 28 ; 40,19 ; 
51981 ; TSKM60\TB103-2 ; Тонер IPM Kyocera Mita FS 720/820/920/1016/1116 (TK-110, TK-112, 225g/bottle) ; 28 ; 36,87 ; 
13547 ;  ; Тонер Kyocera Mita DC 1215/1256/1260 (88 g / Cartridge) ; 28 ; 36,72 ; 
24189 ; 38019723 ; Тонер Kyocera Mita DC 1560/1860/2050/2060/2360/2560 (205 g / Cartridge) Katun ; 28 ; 38,32 ; 
22021 ; 23152 ; Тонер Kyocera Mita KM 1525/1530/2030 (450g/cartridge) Katun ; 28 ; 42,64 ; 
13054 ; 32016959 ; Вал резиновый Panasonic FP7113/FP7115/FP7713/FP7715 Katun ; 28 ; 45,17 ; 
17978 ; DQ-UH34H-AG ; Драм-картридж 20К для DP-180 ; 28 ; 49,81 ; 
5888 ; FQ-KF13P03 ; Ремкомплект Panasonic  (30K) FP-7113/7115/7713/7813 ; 28 ; 38,30 ; 
2940 ; FQ-TF15PU ; Тонер Panasonic  для FP7113/7115/7713/7813 ; 28 ; 37,01 ; 
24129 ; 32022557 ; Тонер Panasonic DP 2000/2000 P/2500/2500 E/2500 P/3000/3000 E (585 g / Bottle Katun ; 28 ; 43,66 ; 
14600 ; DQ-TU10C ; Тонер Panasonic DQ-TU10C для DP1510/1810/2010 ; 28 ; 48,03 ; 
42659 ; DQ-TU15E-PB ; Тонер Panasonic DQ-TU15E-PB для DP-2330/3030  15К ; 28 ; 49,12 ; 
24130 ; 32015311 ; Тонер Panasonic FP 1620/1670/1670 A/1780  (290 g / Cartridge) Katun ; 28 ; 40,67 ; 
16205 ; DQ-UH32APU ; Фотобарабан Panasonic (30К)  DP-150 ; 28 ; 57,93 ; 
5887 ; FQ-HF13PU ; Фотобарабан Panasonic (30К)  FP-7113/7115/7713/7813 ; 28 ; 35,62 ; 
16490 ; DQ-HO45B ; Фотобарабан Panasonic (45К)  DP-1510/1810 ; 28 ; 37,06 ; 
17522 ; 889782 ; Блок барабана Ricoh Type 1 (Photo conduktor) ; 28 ; 114,14 ; 
16261 ; 70013837 ; Вал тефлоновый Ricoh FT 2260/4215/4220/4222/4415/4418/4422  Katun ; 28 ; 41,80 ; 
7676 ; 887564/885446 ; девелоппер Ricoh Type 410   FT 4215/4220/4222/4415/4418/4421  orig.(кт70013565) ; 28 ; 49,40 ; 
36547 ; DT140YLW ; Тонер (SPC210SF) Yellow ; 1849 ; 2357,91 ; 
253 ; 1382060 ; цветной  к Lexmark Jet Printer 2070 ; 7 ; 8,73 ; 
15097 ; 41019502 ; Картридж (image drum kit)  OKI Page 20+/24DX (~13 000 стр.) ; 28 ; 34,91 ; 
17309 ; 09002308 ; MICROLINE (OKIDATA) 3410 Original ; 15 ; 18,70 ; 
10584 ;  ; MICROLINE (OKIDATA) 520 / 521 / 920 (WWM) ; 15 ; 18,70 ; 
27882 ; 01108603 ; MICROLINE (OKIDATA) (original) 520/521 ; 15 ; 18,70 ; 
19245 ;  ; MICROLINE (OKIDATA) 5520/5521/5500 (original) ; 15 ; 18,70 ; 
10687 ; P.08S ; PRINTRONIX P5210x/OKI MICROLINE MX-50/100/150/150+ (WWM) ; 15 ; 18,70 ; 
257 ;  ; Тонер-Kit KX-P457 к KX-P6100/6150/6300/6500/S600/Факс UF-750 ; 15 ; 23,42 ; 
3431 ; HPI-8449C ; Заправчный набор HP51649A Starter Kit (20ml for C/M/Y each + Cartridge opener + Refill Clip) ; 15 ; 21,57 ; 
3438 ; HPI-8416P ; Заправчный набор Refill Kit for HPC1816A Cartridge (20ml for C/M/BK each + Cartridge opener + Refill Clip) ; 15 ; 21,74 ; 
3445 ; HPI-8640Y ; Заправчный набор HP51640Y, (20ml x 2, Air-balancing Clip) Yellow ; 15 ; 21,19 ; 
17348 ; HPI-5059G ; Заправчный набор HPC9359A Refill Kit for Cartridge (25мл для кажд. Bk/G/DG + Refill Clip) Black ; 15 ; 22,31 ; 
27705 ; HPI-6068G ; Заправчный набор HPC9368/hp100 Refill Kit for caertridge (25мл для кажд. Bk/G/DG + клипса), gray ; 15 ; 22,18 ; 
3451 ; BKI-8406P ; Заправчный набор Canon BC-06 Photo Color Refill Kit (20ml each + Refill Clip) ; 15 ; 21,40 ; 
3452 ; BKI-8422P ; Заправчный набор Canon BC-22 Photo Color Refill Kit (20ml for C/M/Y each + 20ml x 2 black) ; 15 ; 22,12 ; 
6168 ; BKI-6031C ; Заправчный набор Canon BCI-3C Refill Kit (20ml x 3, Refill Clip) (полный комплект - 3 цвета по 20 мл) ; 15 ; 22,29 ; 
3460 ; LMI-8619C ; Заправчный набор Lexmark 1380619, Refill Kit (20ml for C/M/Y each + Cartridge opener, Refill Clip) ; 15 ; 21,22 ; 
3462 ; LMI-1980C ; Заправчный набор Lexmark 12A1980, Refill Kit (20ml for C/M/Y each + Cartridge opener, Refill Clip) ; 15 ; 21,93 ; 
3931 ; LMI-1990P ; Заправчный набор Lexmark 12A1990, Refill Kit (20ml for PBk/PC/PM each + Cartridge opener, Refill Clip) ; 15 ; 22,38 ; 
3933 ; LMI-1760C ; Заправчный набор Lexmark 17G0060, Refill Kit (20ml for C/M/Y each + Cartridge opener, Refill Clip) ; 15 ; 22,27 ; 
3934 ; LMI-1520C ; Заправчный набор Lexmark 15M0120, Refill Kit (20ml for C/M/Y each + Cartridge opener, Refill Clip) ; 15 ; 22,34 ; 
17351 ; LMI-3118P ; Заправчный набор Lexmark 18C0031, Refill Kit (25ml for PBk/PC/PM each + Cartridge opener, Refill Clip) ; 15 ; 19,06 ; 
40082 ; E54/MBP ; Чернила(90гр.) Stylus Photo 2100/2200/Pro7600/9600 (Matte Black Pigmented) E54/MBP  WWM ; 15 ; 19,06 ; 
35862 ; E54/LB ; Чернила(200гр.) Stylus Photo 2100/2200/Pro7600/9600 (Light Black) E54/LB WWM ; 15 ; 19,06 ; 
20848 ; BPI-603Y ; Canon BCI-3Y Yellow для BJC 3000/ 6000/ 6100/ 6200 пигм. ; 15 ; 19,47 ; 
17360 ; BPI-806Bk ; Canon BCI-6Bk для BJS-800/820/830/ i865 / i950 / i9950 / 9000/Pixma ip4000/5000 Black ; 15 ; 19,41 ; 
21461 ; BPI-806PC ; Canon BCI-6PC PhotoCyan для BJS-800/820/830/9000/ i560/ i865/ i950/ i9950/ Pixma ip3000/4000/5000 ; 15 ; 19,83 ; 
3407 ; BPI-601BK ; Canon BJI-201BK / BJC-600/610/620 Black ; 15 ; 19,49 ; 
3411 ; BPI-601C ; Canon BJI-201C / BJC-600/610/620 Cyan ; 15 ; 19,54 ; 
3412 ; BPI-601M ; Canon BJI-201M / BJC-600/610/620 Magenta ; 15 ; 19,54 ; 
3413 ; BPI-601Y ; Canon BJI-201Y / BJC-600/610/620 Yellow ; 15 ; 19,54 ; 
3415 ; BPI-421C ; Canon BCI-21 Color / BJC-4100 / 4200 / 4550 / BJC-2100 / 2000 / S-100 Color ; 15 ; 20,17 ; 
12646 ; C8405-20MC ; Single Color Refill Bottle for Canon BC-05 Cyan 200ml (20ml  x 10) ; 15 ; 25,07 ; 
12647 ; C8405-20MM ; Single Color Refill Bottle for Canon BC-05 Magenta 200ml (20ml  x 10) ; 15 ; 25,07 ; 
12648 ; C8405-20MY ; Single Color Refill Bottle for Canon BC-05 Yellow 200ml (20ml  x 10) ; 15 ; 25,07 ; 
5201 ; L1970-20MB ; Single Color Refill Bottle for Lexmark 12A1970 / 136400  200ml, Inner Box packing (20ml x 10) Black ; 15 ; 24,48 ; 
23021 ; C8050-250MC ; чернила для картриджа Canon BCI-5C/6C Cyan 250ml botle ; 15 ; 21,97 ; 
34311 ; C8050-250MLC ; чернила для картриджа Canon BCI-5C/6C Light Cyan 250ml botle ; 15 ; 21,97 ; 
23022 ; C8050-250MM ; чернила для картриджа Canon BCI-5M/6M Magenta 250ml botle ; 15 ; 21,99 ; 
23023 ; C8050-250MY ; чернила для картриджа Canon BCI-5Y/6Y Yellow 250ml botle ; 15 ; 21,99 ; 
31768 ; C908-250MLC ; Чернила для Canon CLI-8PC, CL-41 (250мл) Light Cyan ; 15 ; 22,33 ; 
31769 ; C908-250MLM ; Чернила для Canon CLI-8PM, CL-41 (250мл) Light Magenta ; 15 ; 22,33 ; 
28059 ; E0005-250MC ; чернила для картриджа Epson T0482/T0492 Cyan (250мл) ; 15 ; 19,06 ; 
28062 ; E0005-250MM ; чернила для картриджа Epson T0483/T0493 Magenta (250мл) ; 15 ; 19,06 ; 
28063 ; E0005-250MY ; чернила для картриджа Epson T0484/T0494 Yellow (250мл) ; 15 ; 21,97 ; 
11608 ; H0006-01LC ; чернила для картриджа HP C6657A/C8728A/51649A Cyan 1000ml botle ; 286 ; 367,41 ; 
22077 ; H6066-250MM ; чернила для картриджа HP C8766A/C9363A (№135, №134) 250ml botle Magenta ; 15 ; 21,97 ; 
11290 ; 220027-00 ; Encad NovaJet 850 картридж для наружки Cyan   20ml ; 15 ; 72,80 ; 
11289 ; 220028-00 ; Encad NovaJet 850 картридж для наружки Magenta   20ml ; 15 ; 72,80 ; 
11372 ; 219988-00 ; Комплект (картридж+чернила) Ink kit NJ 600, 700 & 800 Series & Kodak 4000 GO+ Magenta ; 15 ; 97,46 ; 
11294 ; 220015-00 ; Чернила Novacut, NJPRO, NJ PROe & NJ 500,600,700 & 800 Series GO+ Black Refill 500ml ; 15 ; 109,45 ; 
11295 ; 220012-00 ; Чернила Novacut, NJPRO, NJ PROe & NJ 500,600,700 & 800 Series GO+ Cyan Refill 2x500ml ; 15 ; 109,45 ; 
11296 ; 220014-00 ; Чернила Novacut, NJPRO, NJ PROe & NJ 500,600,700 & 800 Series GO+ Yellow Refill 2x500ml ; 15 ; 109,45 ; 
266 ;  ; CPF-136  /  Legend 1385 (WWM) ; 15 ; 19,65 ; 
267 ;  ; CPF-80 ; 15 ; 19,74 ; 
540 ;  ; OLIVETTI DM280/290 (WWM) ; 15 ; 19,45 ; 
270 ;  ; NEC P3/P7 Robotron K6324 (WWM) ; 15 ; 19,95 ; 
13848 ;  ; STAR LC 24-30/NX2450 WWM ; 15 ; 19,15 ; 
35363 ;  ; TALLY MANNESMANN MT 660/690/691  (WWM) ; 15 ; 23,73 ; 
13544 ;  ; Этикетка 40х25мм (рулон) для термотрансферных принтеров (2000 шт) ; 15 ; 18,70 ; 
38002 ;  ; Лента для АЦПУ 375мм (рулон 5 метров) ; 15 ; 21,04 ; 
14099 ; C6554A ; Наклейки HP Labels 97x42.3 mm, 12 labels per sheet (25 sheets) ; 215 ; 270,17 ; 
34521 ;  ; Бумага для плоттера 420mm х 43m 80g/m2. ; 182 ; 228,75 ; 
57334 ; Q1404A ; Бумага 324_Бумага HP Coated Paper (24'') 610mm Х 50m, спецпокрытие 90 г/м ; 938 ; 1169,23 ; 
9916 ; C6020B ; "Бумага для плоттера HP Coated Paper, Roll (36"")914mm x 45,7m, 90g/m2 Спецпокрытие" ; 1501 ; 1886,47 ; 
34695 ; Q1397A ; "Бумага для плоттера HP Bond (36"")914mm х 45,7m, 80g/m2 Универсальная" ; 790 ; 991,19 ; 
34788 ; C3868A ; "Бумага для плоттера HP Natural Tracing Paper (36"")914mm x 45,7m, 90g/m2 Натуральная калька" ; 1977 ; 2485,37 ; 
11012 ; C6775A ; "Бумага для плоттера HP Colorfast Adhesive Vinyl (36"")914mm x 12,2m, 328g/m2 Самоклеящаяся виниловая плёнка" ; 3340 ; 4197,70 ; 
32816 ; Q1724A ; "Бумага для плоттера HP Canvas Paper (36"")914mm x 10,7m, 180g/m2 Имитирует льняной холст, для печати репродукций" ; 3456 ; 4343,48 ; 
32817 ; Q8705A ; "Бумага для плоттера HP Artist Matte Canvas (36"")914mm x 15,2m, 380g/m2 Ярко белый, матовый холст, для печати репродукций" ; 6110 ; 7679,07 ; 
38064 ; Q8714A ; "Бумага для плоттера HP Universal Matte Canvas 42"", 1067 mm, 15.2 m, 350 g/m2 универсальный матовый холст (для печати репродукций)" ; 5935 ; 7459,12 ; 
202 ; C3837A ; Пленка HP Premium High-gloss White Film, А4, 230g/m2 (50 sheets) высокоглянцевая белая пленка ; 1171 ; 1471,66 ; 
12987 ; C6829A ; Бумага HP textured greeting cards, cream, half-fold, A4, 175g/m2 (20 sheets) кремовая текстурная бумага для открыток ; 409 ; 513,98 ; 
12988 ; Q1981A ; Пленка HP Premium High-Gloss Film, White, A4, 230g/m2 (20 sheets) глянцевая пленка. ; 777 ; 976,54 ; 
12993 ; Q2510A ; Бумага HP Everyday Photo Paper, Glossy, A4, 200g/m2 (100 sheets)  ; 596 ; 748,57 ; 
12994 ; Q2525A ; Бумага HP Brochure & Flyer Paper, Glossy, A4, Tri-fold, 160g/m2 (50 sheets) ; 519 ; 652,23 ; 
16330 ; Q6593A ; Бумага HP Professional Inkjet Paper, Matt, 120g/m2, A4 (200 sheets) ; 811 ; 1018,52 ; 
18989 ; Q6550A ; Бумага HP Laser Photo Paper, Matt А4 ,200g/m2 (100 sheets) Матовая, фото,  для ColorLaserJet ; 635 ; 797,04 ; 
41656 ; Puzzle ; Бумага HP Puzzle Paper, A4 , 24детали, 5 листов(для печати пазлов на струйном принтере) ; 33 ; 41,14 ; 
24781 ; Q8691A ; Бумага HP Advanced Glossy Photo Paper, 10x15, 250g/m2 (25 sheets) ; 225 ; 282,19 ; 
34796 ; Q8843A ; Бумага HP Colour Laser Photo Paper, 10x15, 220g/m2 (50 sheets) глянцевая для печати на ColorLaserJet ; 586 ; 736,45 ; 
35824 ; SD684A ; (2шт Q8027A) Бумага HP 2-pack Premium Plus High-gloss Photo Paper, 10x15, 280g/m2 (25 sheets) Высокоглянцевая фотобумага HP высшего качества ; 513 ; 644,73 ; 
14331 ; C1821A ; Бумага HP Banner Paper, A4, 90g/m2 (50 sheets) с перфорацией для отрыва ; 376 ; 472,55 ; 
37447 ; CLP-C350A ; Тонер-Картридж CLP-350/350N, (2000 копий) Cyan ; 1066 ; 1348,59 ; 
37448 ; CLP-M350A ; Тонер-Картридж CLP-350/350N, (2000 копий) Magenta ; 1721 ; 2165,06 ; 
37449 ; CLP-Y350A ; Тонер-Картридж CLP-350/350N, (2000 копий) Yellow ; 1721 ; 2165,42 ; 
37450 ; CLP-K350A ; Тонер-Картридж CLP-350/350N, (4000 копий) Black ; 1721 ; 2167,78 ; 
16323 ; CLP-500D5M ; Тонер-Картридж CLP-500D5M (для CLP-500) (5000 копий) Magenta ; 3494 ; 4395,51 ; 
16326 ; CLP-500RB ; Драм-Картридж CLP-500RB (для CLP-500) (50 000 копий) ; 5685 ; 7151,85 ; 
16327 ; CLP-500WB ; Емкость для отраб. тонера CLP-500WB для CLP-500 ; 376 ; 472,99 ; 
27187 ; 43571803 ; MICROLINE (OKIDATA) 1120/1190 4 мил. знаков, original ; 171 ; 214,62 ; 
41462 ; 1320B003AA ; Maintenance Cartridge MC-05 для imagePROGRAF LP17, LP24, iPF 5000/5100 ; 1110 ; 1396,22 ; 
58575 ; 0400C001 ; Картридж Canon CLI-471Bk PIXMA MG5740/MG6840 Black 6,5мл ; 370 ; 466,61 ; 
29685 ; 09004447 ; Тонер OKI Page B2500/2520/2540 MFP  (2200 стр.) NON-EU ; 2248 ; 2826,79 ; 
30832 ; 43502306 ; Тонер OKI Page B4400/4600 (3000 стр.) ; 1623 ; 2039,04 ; 
17860 ; 42804578 ; Тонер OKI Page С3200 Yellow (3000) ; 3527 ; 4425,05 ; 
34698 ; 43650302 ; Картридж (image drum kit)  OKI Page B2200 (~15 000 стр.) ; 1905 ; 2389,44 ; 
10411 ; 42102802 ; Картридж (image drum kit)  OKI Page B4100 / 4200 / 4250 / 4300 / 4350 (~20 000 стр.) ; 4548 ; 5716,55 ; 
29381 ; 43501902 ; Картридж (image drum kit)  OKI Page B4400/4600 (~25 000 стр.) ; 3837 ; 4818,66 ; 
28041 ; 43381708 ; Картридж (image drum kit)  OKI Page C5600/5700 Black (~20 000 стр.) ; 1589 ; 1994,17 ; 
40655 ; 41963408 ; Картридж (image drum kit)  OKI Page C9300/9500 Black (~30 000 стр.) ; 4522 ; 5686,16 ; 
20824 ; 42918107 ; Фотобарабан к OKI Page 6e/6ex, 400ex/600ex/800ex OKIFAX 1000/2000/5000/5200, HANP ; 28 ; 34,91 ; 
44668 ; COK4400 ; Чип для OKI Page B4400 (3K) ; 225 ; 283,05 ; 
43118 ; 130490 ; Чип для OKI Page B4400/4600  АНК ; 255 ; 320,52 ; 
13946 ; TN200 ; Тонер картридж Brother HL-720 / 730 / 760   FAX 2650 / 2660 / 4550J / 4650J / 8xxx    MFC 4600 / 9xxx  3000 копий ; 33 ; 52,40 ; 
5189 ; TN300 ; Тонер картридж Brother HL-820 / 1020 / 1040 / 1050 / 1060 / 1070 / P2000  3000 копий ; 33 ; 49,86 ; 
5190 ; DR300 ; Картридж (Drum Unit) Brother HL-820 / 1020 / 1040 / 1050 / 1060 / 1070 / P2000 ; 33 ; 71,05 ; 
6068 ; TN6600 ; Тонер картридж Brother HL-1030 / 1230 / 1240 / 1250 / 1270N / 1440 / 1450 / 1470   6000 копий ; 33 ; 78,76 ; 
3839 ; DR6000 ; Картридж (Drum Unit) Brother HL-1030 / 1230 / 1240 / 1250 / 1270N / 1440 / 1450 / 1470  20 000 копий ; 33 ; 106,20 ; 
16280 ; TN7300 ; Тонер картридж Brother HL-50xx   3000 копий ; 33 ; 64,58 ; 
22993 ; TN3030 ; Тонер картридж Brother HL-51xx, DCP8040, MFC8440/ 8840D (3000 стр) ; 33 ; 71,31 ; 
58976 ; C11/C ; Чернила для Canon CL-511С/CL-513С/CLI-521C 200г Cyan Водорастворимые ; 15 ; 18,70 ; 
58977 ; C11/Y ; Чернила для Canon CL-511С/CL-513С/CLI-521C 200г Yellow Водорастворимые ; 15 ; 18,70 ; 
58980 ; H34/Y ; Чернила WWM для HP №22/121/122 200г Yellow Водорастворимые ; 15 ; 18,70 ; 
13253 ;  ; Тонер для HP LJ1000 / 1200 150г (1200 dpi) StaticControl (SCC) ; 66 ; 83,06 ; 
47603 ; TRHP1005-80B-OS ; Тонер для HP LJ P1005/1006/1505/M1120/1522 (банка 80г) StaticControl (SCC) ; 160 ; 201,41 ; 
27209 ;  ; Тонер для HP LJ1160/1320 (135g ) ; 61 ; 76,74 ; 
216 ;  ; Тонер для  HP LJ5P/6P(600dpi,170г) ; 116 ; 145,84 ; 
47607 ; HP2055-120B-OS ; Тонер для HP LJ P2035 / P2055 (120 g) StaticControl (SCC) ; 83 ; 104,42 ; 
49712 ; HP2055-290B-OS ; Тонер для HP LJ P2035 / P2055 (290 g) StaticControl (SCC) ; 165 ; 207,54 ; 
23645 ; TRHP21-260B-OS ; Тонер для HP LJ2100/2200 Canon PC 1060/1080/LBP-32X/FX7/L50 (260 g. bottle) SCC ; 165 ; 207,30 ; 
36133 ;  ; Тонер для HP LJ2300 (370g Bottle) ; 165 ; 207,52 ; 
19490 ; HP2430-300B ; Тонер для HP LJ2400/2410/2420/2430 (300g. bottle)  StaticControl (SCC) ; 210 ; 264,35 ; 
31060 ; UN 6463 ; Тонер HP 5500/5550, EP 86, Canon® LBP-5800 Absolute Cyan ® Chemical toner (12,000 pages) ; 685 ; 872,06 ; 
31061 ; UN 6464 ; Тонер HP 5500/5550, EP 86, Canon® LBP-5800 Absolute Magenta ® Chemical toner (12,000 pages) ; 685 ; 872,06 ; 
31062 ; UN 6465 ; Тонер HP 5500/5550, EP 86, Canon® LBP-5800 Absolute Yellow ® Chemical toner (12,000 pages) ; 685 ; 872,06 ; 
20427 ; 5K-500B ; Тонер для HP LJ5000/5100 (500гр) StaticControl (SCC) ; 250 ; 314,71 ; 
31523 ;  ; Тонер для HP LJ8100(банка 1100 g) ; 547 ; 687,55 ; 
32037 ; 81-1100B-OS ; Тонер для HP LJ8100(банка 1100 g), StaticControl (SCC) ; 596 ; 749,17 ; 
1214 ;  ; Фотобарабан для картриджа HP LJ4/5 ; 215 ; 270,26 ; 
584 ;  ; фотобарабан для картриджа HP LJ2P/ 3P ; 573 ; 720,24 ; 
40905 ; OHPP2055DG ; Фотобарабан для картриджа HP LJ P2055/2050/2030/2035 [CE457A/CE459A/CE505A] HANP ; 154 ; 193,04 ; 
49983 ; G702277 ; Фотобарабан HP LJ 1010/1012/1015 NewTone ; 99 ; 124,10 ; 
44902 ;  ; Фотобарабан для картриджа HP LJ P2055/2050/2030/2035 [CE457A/CE459A/CE505A]  ; 165 ; 206,83 ; 
13027 ;  ; Фотобарабан для картриджа HP LJ2100 / 2200, Canon LBP-3200/FX-7/L50 with Gears StaticControl (SCC) ; 397 ; 499,01 ; 
37857 ; HP2100M ; Фотобарабан для картриджа HP LJ2100 / 2200, Canon SmartBase PC1210D/PC1230D/PC1270D Mitsubishi ; 215 ; 270,25 ; 
17407 ;  ; фотобарабан для картриджа HP LJ2300 (1200 dpi) ; 231 ; 290,40 ; 
45671 ; DRHP2430 ; фотобарабан для картриджа HP LJ2410/2420/2430 ; 121 ; 152,11 ; 
54960 ; OPC.HP2055E ; Фотобарабан для картриджа НР LJ P2055 NewTone ; 94 ; 118,25 ; 
45892 ; 19307 ; Фотобарабан для  HP LJ P3015D/ P3015DN/ P3015X Delacamp ; 200 ; 251,37 ; 
54893 ;  ; Фотобарабан для картриджп HP Color LJ CP3525 SCC ; 332 ; 417,60 ; 
9670 ;  ; фотобарабан для картриджа HP LJ4100 (1200 dpi) ; 476 ; 598,27 ; 
31633 ; DRHP43-5 ; Фотобарабан для картриджа HP LJ4200/4300/4250/4350 Drum with Gears, StaticControl (SCC) ; 260 ; 326,83 ; 
35593 ;  ; Лезвие очистки HP LJ 5L / 6L /AX (с поролончиком) ; 28 ; 35,20 ; 
13034 ; VXBLADE ; Лезвие очистки для картриджа HP LJ5P / 6P StaticControl (SCC) ; 71 ; 89,27 ; 
46179 ;  ; Лезвие очистки для картриджа HP LJ P1005/1006/1505 ; 66 ; 82,48 ; 
46187 ;  ; Лезвие очистки для картриджа HP LJ P4014/4015/4515 ; 50 ; 62,82 ; 
47056 ;  ; Лезвие очистки HP LJ 4200/4250/4300/4350 ; 33 ; 41,47 ; 
11111 ;  ; Лезвие очистки для картриджа HP LJ4000 ; 56 ; 70,37 ; 
54894 ;  ; Лезвие очистки HP 3525  SCC ; 66 ; 82,93 ; 
22439 ; LJ4DBLADE ; Лезвие дозирующее для картриджа HP LJ 4/5 StaticControl (SCC) ; 50 ; 62,82 ; 
46182 ;  ; Лезвие дозирующее для картриджа HP LJ P1005/1006/1505  ; 28 ; 35,20 ; 
31631 ; 4KDBLADE-2PU ; Лезвие дозирующее для картриджа HP LJ2100/2200/4000/4050/4100 DoctorBlade, StaticControl (SCC) ; 61 ; 76,66 ; 
48350 ; HP23BLADE ; Лезвие дозирующее для картриджа HP LJ2300 / 2420, StaticControl (SCC) ; 144 ; 181,00 ; 
31641 ; HP43DBLADE ; Лезвие дозирующее для картриджа HP LJ4200/4300 DoctorBlade, StaticControl (SCC) ; 99 ; 124,42 ; 
31632 ; 5KDBLADE ; Лезвие дозирующее для картриджа HP LJ5000/5100 DoctorBlade, StaticControl (SCC) ; 144 ; 181,02 ; 
46185 ; 9KDBLADE ; Лезвие дозирующее для картриджа HP LJ9000 DoctorBlade,           StaticControl (SCC) ; 176 ; 221,21 ; 
46181 ;  ; Лезвие дозирующее для картриджа HP LJ P3015 ; 132 ; 165,95 ; 
46184 ;  ; Лезвие дозирующее для картриджа HP LJ 4014/4015/4515 ; 83 ; 104,35 ; 
54895 ;  ; Лезвие дозирования HP 3525  SCC ; 105 ; 131,96 ; 
27693 ; RG5-3530-Foshan ; Термопленка HP LJ 5000 FOSHAN (iR2016) ; 370 ; 465,10 ; 
31599 ; EXMDR-1 ; Вал магнитный оболочка HP LJ 4/5/Brother HL-1260/1660/2060/Canon LBP-860/EX/1260 Odyssey®, StaticControl (SCC) ; 182 ; 228,75 ; 
31601 ; AXMDR-OS-5 ; Вал магнитный оболочка HP LJ 5L/6L/1100/1150/3200/LBP-3200/1110/1120/350/800/810 Odyssey®, StaticControl (SCC) ; 127 ; 159,62 ; 
31602 ; VXMDR-OS ; Вал магнитный оболочка HP LJ 5P/6P Odyssey®, StaticControl (SCC) ; 165 ; 207,40 ; 
37053 ;  ; Вал магнитный в сборе  HP LJ 1005/1505 ANK ; 40 ; 50,27 ; 
19476 ;  ; Вал магнитный HP LJ 1000/1150/1200/1300/Canon FX-8 ; 105 ; 131,88 ; 
45858 ;  ; Вал магнитный в сборе  HP LJ 1010/1012/1015 (Foshan) ; 71 ; 89,23 ; 
39084 ;  ; Вал резиновый HP P1005/P1006/P1009/P1505 AHK ; 476 ; 598,29 ; 
4675 ;  ; Вал резиновый HP 1100  Canon LBP 800 / 3200 Katun ; 420 ; 527,94 ; 
53196 ;  ; Вал резиновый HP LJ 2400/2420 (АНК, 2100320) ; 291 ; 366,03 ; 
37926 ;  ; Вал первичного заряда HP LJ 1010/1100/1200 ; 127 ; 159,65 ; 
54961 ;  ; Вал первичного заряда HP LJ P2035/P2055 NewTone ; 66 ; 82,82 ; 
31638 ; AXMRBUSH ; Втулка вала магнитного HP LJ 5L/1100, StaticControl (SCC) ; 10 ; 12,58 ; 
26223 ; HP12MRBUSH-L ; Втулка вала магнитного HP LJ 1000/1200/1300 (длинная), StaticControl (SCC) ; 10 ; 12,58 ; 
26224 ; HP12MRBUSH-SH ; Втулка вала магнитного HP LJ 1000/1200/1300 (короткая), StaticControl (SCC) ; 10 ; 12,59 ; 
26226 ; HP1320MRB-SH ; Втулка вала магнитного HP LJ 1160/1320 (короткая) Odyssey®, StaticControl (SCC) ; 15 ; 18,88 ; 
26227 ; 4KMRBUSH-L ; Втулка вала магнитного HP LJ 2100/2200/2300/4000/4050/4100/FX6, Canon LBP-52X (длинная), StaticControl (SCC) ; 10 ; 12,59 ; 
26228 ; 4KMRBUSH-SH ; Втулка вала магнитного HP LJ 2100/2200/2300/4000/4050/4100/FX6, Canon LBP-52X (короткая), StaticControl (SCC) ; 10 ; 12,59 ; 
31628 ; 5KMRBUSH-SH ; Втулка вала магнитного HP LJ 5000/5100 (короткая), StaticControl (SCC) ; 15 ; 18,88 ; 
31608 ; 5KMRBUSH-L ; Втулка вала магнитного HP LJ 5000/5100 (длинная), StaticControl (SCC) ; 15 ; 18,88 ; 
39093 ;  ; Чип картриджа HP 1005/P1006/P1007/P1008/1505/1120/1522 ANK ; 71 ; 89,23 ; 
46686 ; CHP1005 ; Чип картриджа  HP Laser Jet P1005/1006 (1.5k) (CHP1005) ; 187 ; 235,04 ; 
46687 ; CHP1505 ; Чип картриджа  HP Laser Jet P1505  (2k) (CHP1505) ; 187 ; 235,04 ; 
48973 ; CHP1102 ; Чип картриджа HP Laser Jet 1102  (CHP1102) ; 187 ; 235,06 ; 
44778 ;  ; Чип универсальный HP Laser Jet P2035/2055/3035  (2.3k) (CYBEN®) ; 165 ; 207,43 ; 
46177 ; CHP-2035 ; Чип  HP Laser Jet P2035/2055 (CHP2035) ; 116 ; 145,79 ; 
45061 ; CHPP3015-6K ; Чип универсальный HANP HP Laser Jet P3015/3015DN, (6K Yield) (Universal) (CYBEN®) ; 165 ; 207,40 ; 
25866 ; MU-2 ; "Чип универсальный HP Laser Jet 1300/2300/4200/4300/4250/4350 (Version ""A"", LOW YIELD) (CYBEN®), HANP" ; 176 ; 221,26 ; 
32551 ;  ; Чип универсальный к HP Laser Jet 1160/1320/2400/2410/2420/2430 КОРЕЯ(АНК) ; 111 ; 139,53 ; 
54892 ;  ; Чип универсальный к  HP CLJ M551  WellChip Black ; 61 ; 76,41 ; 
28732 ; HP1320CHIP ; Чип картриджа HANP HP Laser Jet 1160/1320 (2,5K and 6K Yield), CYBEN® ; 176 ; 221,21 ; 
28733 ; HP1300CHIP ; Чип картриджа HANP HP Laser Jet 1300, CYBEN® ; 149 ; 187,29 ; 
13709 ; HP13CHIP ; Чип картриджа HP 1300 smartek™ Chip Solution ; 310 ; 389,68 ; 
46176 ; CHP-2015 ; Чип универсальный  HP Laser Jet P2015/3005 (CHP-2015) ; 116 ; 145,82 ; 
13710 ; HP23CHIP ; Чип картриджа HP 2300 ; 310 ; 389,65 ; 
32548 ;  ; Чип картриджа HP СLJ 1600/2600 YELLOW КОРЕЯ(АНК) ; 154 ; 193,60 ; 
32549 ;  ; Чип картриджа HP СLJ 1600/2600 CYAN КОРЕЯ(АНК) ; 154 ; 193,60 ; 
32550 ;  ; Чип картриджа HP СLJ 1600/2600 MAGENTA КОРЕЯ(АНК) ; 154 ; 193,60 ; 
39066 ;  ; HP 1006/1007/1008 БУШИНГИ РЕЗИНОВОГО ВАЛА(КОМПЛЕКТ) ANK ; 121 ; 152,10 ; 
39085 ;  ; HPP1006/P1007/P1008 Paper Pick-Up Roller RL1-1442-000 РОЛИК ПОДБОРА CET4702 АНК ; 139 ; 174,68 ; 
8670 ; КХ-FA78А ; Драм юнит КХ-FA78А для факсов KX-FL503/523/FLB753/758/FLM553 ; 1021 ; 1285,29 ; 
13286 ; КХ-FA84A ; Драм юнит КХ-FA84A для факсов KX-FL513 ; 1254 ; 1577,52 ; 
22842 ; КХ-FA89A ; Драм юнит КХ-FA89A для факсов 403  (10К) ; 33 ; 0,00 ; 
39082 ; 17 ; Фотобарабан PANASONIC FP-503/KX-FA76A/77A KX-FA76A MITSUBISHI ; 33 ; 0,00 ; 
30391 ; КХ-FA57А ; @Пленка д/ф КХ-FA 57A (1х70м) KX-FP343/363/KX-FHD332/333/351/352/353 ; 33 ; 0,00 ; 
30392 ; КХ-FA76А ; @Тонер картридж КХ-FA76А для факсов KX-FL503/523RU/FLB753/758R/FLM553 ; 33 ; 0,00 ; 
22973 ; A501 ; Пленка д/ф canon TT200 ; 33 ; 0,00 ; 
12886 ; КХ-FA54АX ; Пленка д/ф КХ-FA 54X (2х35м) KX-FP141/143/145/148/243/233 ; 33 ; 0,00 ; 
3229 ; КХ-FA55А ; Пленка д/ф КХ-FA 55А (2х50) FP-80/81/82/85/86/88/151/152/153/155/156/158/FM-89/90/-91/95/161/165/195 ; 33 ; 0,00 ; 
11837 ; КХ-FA57А ; Пленка д/ф КХ-FA 57A (1х70м) KX-FP343/363/KX-FHD332/333/351/352/353 ; 33 ; 0,00 ; 
13285 ; UG-3221 ; Тонер картридж UG-3221   (6K)для факса UF-490 ; 33 ; 0,00 ; 
31225 ; UG-5545-AGC ; Тонер картридж UG-5545-AGC  (5000 sh.) для UF-7100/8100 ; 33 ; 0,00 ; 
5183 ; КХ-FA76А ; Тонер картридж КХ-FA76А для факсов KX-FL503/523RU/FLB753/758R/FLM553 ; 33 ; 0,00 ; 
12818 ; КХ-FA83A ; Тонер картридж КХ-FA83A для факсов КХ-FL 513/543/653 ; 33 ; 0,00 ; 
54647 ; КХ-FAT410 ; Тонер картридж КХ-FAT410 для МФУ  MB1500/1520 ; 33 ; 0,00 ; 
30957 ; KX-FAT92A ; Тонер картридж КХ-FAT92A для KX-MB263/283/763/773/783 ; 33 ; 0,00 ; 
qweqwe ; asdasda ; zxczxc ; 100 ; 120.0;
qweqwe ; asdasd ; qwewqeqe ; 125 ; 150.0;
